[{"model": "bot_logic.faculty", "pk": 1, "fields": {"title": "Backend"}}, {"model": "bot_logic.specialty", "pk": 1, "fields": {"title": "Python \u0440\u0430\u0437\u0440\u0430\u0431\u043e\u0442\u0447\u0438\u043a", "faculty": 1}}, {"model": "bot_logic.specialty", "pk": 2, "fields": {"title": "\u0410\u043b\u0433\u043e\u0440\u0438\u0442\u043c\u044b", "faculty": 1}}, {"model": "bot_logic.student", "pk": 2, "fields": {"first_name": "a", "last_name": "b", "email": "ab@ba.com", "slack_id": "U0179QC1BJN", "cohort": 1, "specialty": 1}}, {"model": "bot_logic.student", "pk": 6, "fields": {"first_name": "\u041e\u043b\u044f", "last_name": "\u041b\u0435\u043e", "email": "test@test.ru", "slack_id": "U017XLYQ8D8", "cohort": 1, "specialty": 1}}, {"model": "bot_logic.student", "pk": 7, "fields": {"first_name": "\u0410\u043b\u0435\u043a\u0441\u0435\u0439", "last_name": "\u0417\u0432\u0435\u0440\u0435\u0432", "email": "aleksizverev@yandex.ru", "slack_id": "U017PJ97G2F", "cohort": 4, "specialty": 1}}, {"model": "bot_logic.student", "pk": 8, "fields": {"first_name": "\u041d\u0438\u043a\u043e\u043b\u0430\u0439", "last_name": "\u0417\u0438\u043c\u0438\u043d", "email": "zyoma@mail.ru", "slack_id": "U01873R9PQR", "cohort": 1, "specialty": 1}}, {"model": "bot_logic.student", "pk": 9, "fields": {"first_name": "\u0411\u0440\u0435\u0437\u0433\u0443\u043d\u043e\u0432", "last_name": "\u0414\u043c\u0438\u0442\u0440\u0438\u0439", "email": "dmitry.brezgunov@yandex.ru", "slack_id": "U017KDAAFU5", "cohort": 1, "specialty": 1}}, {"model": "bot_logic.sprint", "pk": 1, "fields": {"specialty": 1, "number": 12, "title": "\u0410\u043b\u0433\u043e\u0440\u0438\u0442\u043c\u044b. \u041f\u043e\u043d\u044f\u0442\u0438\u0435 \u0441\u043b\u043e\u0436\u043d\u043e\u0441\u0442\u0438 \u0430\u043b\u0433\u043e\u0440\u0438\u0442\u043c\u0430. \u041e\u0441\u043d\u043e\u0432\u043d\u044b\u0435 \u0441\u0442\u0440\u0443\u043a\u0442\u0443\u0440\u044b \u0434\u0430\u043d\u043d\u044b\u0445."}}, {"model": "bot_logic.sprint", "pk": 2, "fields": {"specialty": 1, "number": 13, "title": "\u0416\u0430\u0434\u043d\u044b\u0435 \u0430\u043b\u0433\u043e\u0440\u0438\u0442\u043c\u044b. \u0420\u0435\u043a\u0443\u0440\u0441\u0438\u044f."}}, {"model": "bot_logic.sprint", "pk": 3, "fields": {"specialty": 1, "number": 14, "title": "\u0421\u043e\u0440\u0442\u0438\u0440\u043e\u0432\u043a\u0438"}}, {"model": "bot_logic.sprint", "pk": 4, "fields": {"specialty": 1, "number": 15, "title": "\u0414\u0435\u0440\u0435\u0432\u044c\u044f"}}, {"model": "bot_logic.sprint", "pk": 5, "fields": {"specialty": 1, "number": 16, "title": "\u0425\u0435\u0448-\u0444\u0443\u043d\u043a\u0446\u0438\u0438"}}, {"model": "bot_logic.contest", "pk": 1, "fields": {"number": 18338, "title": "\u0422\u0438\u043f\u0438\u0447\u043d\u044b\u0435 \u0437\u0430\u0434\u0430\u0447\u0438 \u0441 \u0441\u043e\u0431\u0435\u0441\u0435\u0434\u043e\u0432\u0430\u043d\u0438\u0439", "test_limit": 10, "sprint": [1]}}, {"model": "bot_logic.contest", "pk": 2, "fields": {"number": 18337, "title": "\u0411\u0430\u0437\u043e\u0432\u044b\u0435 \u0441\u0442\u0440\u0443\u043a\u0442\u0443\u0440\u044b \u0434\u0430\u043d\u043d\u044b\u0445", "test_limit": 10, "sprint": [1]}}, {"model": "bot_logic.contest", "pk": 3, "fields": {"number": 18357, "title": "\u0421\u043f\u0440\u0438\u043d\u0442 12. \u0424\u0438\u043d\u0430\u043b\u044c\u043d\u044b\u0435 \u0437\u0430\u0434\u0430\u0447\u0438", "test_limit": 10, "sprint": [1]}}, {"model": "bot_logic.contest", "pk": 4, "fields": {"number": 18360, "title": "\u0416\u0430\u0434\u043d\u044b\u0435 \u0430\u043b\u0433\u043e\u0440\u0438\u0442\u043c\u044b", "test_limit": 10, "sprint": [2]}}, {"model": "bot_logic.contest", "pk": 5, "fields": {"number": 18359, "title": "\u0420\u0435\u043a\u0443\u0440\u0441\u0438\u044f", "test_limit": 10, "sprint": [2]}}, {"model": "bot_logic.contest", "pk": 6, "fields": {"number": 18358, "title": "\u0421\u043f\u0440\u0438\u043d\u0442 13. \u0424\u0438\u043d\u0430\u043b\u044c\u043d\u044b\u0435 \u0437\u0430\u0434\u0430\u0447\u0438", "test_limit": 10, "sprint": [2]}}, {"model": "bot_logic.contest", "pk": 7, "fields": {"number": 18899, "title": "\u0421\u043e\u0440\u0442\u0438\u0440\u043e\u0432\u043a\u0438", "test_limit": 10, "sprint": [3]}}, {"model": "bot_logic.contest", "pk": 8, "fields": {"number": 18970, "title": "\u0421\u043f\u0440\u0438\u043d\u0442 14. \u0424\u0438\u043d\u0430\u043b\u044c\u043d\u044b\u0435 \u0437\u0430\u0434\u0430\u0447\u0438", "test_limit": 10, "sprint": [3]}}, {"model": "bot_logic.contest", "pk": 9, "fields": {"number": 18996, "title": "\u0414\u0435\u0440\u0435\u0432\u044c\u044f", "test_limit": 10, "sprint": [4]}}, {"model": "bot_logic.contest", "pk": 10, "fields": {"number": 19044, "title": "\u0421\u043f\u0440\u0438\u043d\u0442 15. \u0424\u0438\u043d\u0430\u043b\u044c\u043d\u044b\u0435 \u0437\u0430\u0434\u0430\u0447\u0438", "test_limit": 10, "sprint": [4]}}, {"model": "bot_logic.contest", "pk": 11, "fields": {"number": 19095, "title": "\u0425\u0435\u0448-\u0444\u0443\u043d\u043a\u0446\u0438\u0438", "test_limit": 10, "sprint": [5]}}, {"model": "bot_logic.problem", "pk": 1, "fields": {"contest": 1, "title": "A", "full_title": "\u0417\u043d\u0430\u0447\u0435\u043d\u0438\u044f \u0444\u0443\u043d\u043a\u0446\u0438\u0438", "test_limit": 3}}, {"model": "bot_logic.problem", "pk": 2, "fields": {"contest": 1, "title": "B", "full_title": "\u041b\u044e\u0431\u0438\u0442\u0435\u043b\u0438 \u043a\u043e\u043d\u0444\u0435\u0440\u0435\u043d\u0446\u0438\u0439", "test_limit": 3}}, {"model": "bot_logic.problem", "pk": 3, "fields": {"contest": 1, "title": "C", "full_title": "\u0421\u043f\u0438\u0441\u043e\u0447\u043d\u0430\u044f \u0444\u043e\u0440\u043c\u0430", "test_limit": 3}}, {"model": "bot_logic.problem", "pk": 4, "fields": {"contest": 2, "title": "\u0410", "full_title": "\u041a\u0440\u0443\u0436\u043a\u0438", "test_limit": 3}}, {"model": "bot_logic.problem", "pk": 5, "fields": {"contest": 2, "title": "\u0412", "full_title": "\u041c\u043e\u043d\u0438\u0442\u043e\u0440\u0438\u043d\u0433", "test_limit": 3}}, {"model": "bot_logic.problem", "pk": 6, "fields": {"contest": 2, "title": "\u0421", "full_title": "\u041f\u043e\u0434\u0441\u0442\u0440\u043e\u043a\u0438", "test_limit": 3}}, {"model": "bot_logic.problem", "pk": 7, "fields": {"contest": 3, "title": "\u0410", "full_title": "\u041a\u0430\u043b\u044c\u043a\u0443\u043b\u044f\u0442\u043e\u0440", "test_limit": 3}}, {"model": "bot_logic.problem", "pk": 8, "fields": {"contest": 3, "title": "\u0412", "full_title": "\u0426\u0438\u043a\u043b\u044b", "test_limit": 3}}, {"model": "bot_logic.problem", "pk": 9, "fields": {"contest": 4, "title": "\u0410", "full_title": "\u0420\u0430\u0441\u043f\u0438\u0441\u0430\u043d\u0438\u0435", "test_limit": 3}}, {"model": "bot_logic.problem", "pk": 10, "fields": {"contest": 4, "title": "\u0412", "full_title": "\u0411\u0438\u0440\u0436\u0430", "test_limit": 3}}, {"model": "bot_logic.problem", "pk": 11, "fields": {"contest": 4, "title": "\u0421", "full_title": "\u041f\u043e\u0434\u043f\u043e\u0441\u043b\u0435\u0434\u043e\u0432\u0430\u0442\u0435\u043b\u044c\u043d\u043e\u0441\u0442\u044c", "test_limit": 3}}, {"model": "bot_logic.problem", "pk": 12, "fields": {"contest": 5, "title": "\u0410", "full_title": "\u0420\u0435\u043a\u0443\u0440\u0441\u0438\u0432\u043d\u044b\u0435 \u0447\u0438\u0441\u043b\u0430 \u0424\u0438\u0431\u043e\u043d\u0430\u0447\u0447\u0438", "test_limit": 3}}, {"model": "bot_logic.problem", "pk": 13, "fields": {"contest": 5, "title": "\u0412", "full_title": "\u0424\u0438\u0431\u043e\u043d\u0430\u0447\u0447\u0438 \u0441 \u043f\u0430\u043c\u044f\u0442\u044c\u044e", "test_limit": 3}}, {"model": "bot_logic.problem", "pk": 14, "fields": {"contest": 5, "title": "\u0421", "full_title": "\u042d\u0444\u0444\u0435\u043a\u0442\u0438\u0432\u043d\u044b\u0435 \u0447\u0438\u0441\u043b\u0430 \u0424\u0438\u0431\u043e\u043d\u0430\u0447\u0447\u0438", "test_limit": 3}}, {"model": "bot_logic.problem", "pk": 15, "fields": {"contest": 6, "title": "\u0410", "full_title": "\u0424\u043e\u0442\u043e\u043a\u043e\u043f\u0438\u0438", "test_limit": 3}}, {"model": "bot_logic.problem", "pk": 16, "fields": {"contest": 6, "title": "\u0412", "full_title": "\u041f\u043e\u0438\u0441\u043a \u0432 \u0441\u043b\u043e\u043c\u0430\u043d\u043d\u043e\u043c \u043c\u0430\u0441\u0441\u0438\u0432\u0435", "test_limit": 3}}, {"model": "bot_logic.problem", "pk": 17, "fields": {"contest": 7, "title": "\u0410", "full_title": "\u041f\u0443\u0437\u044b\u0440\u0435\u043a", "test_limit": 3}}, {"model": "bot_logic.problem", "pk": 18, "fields": {"contest": 7, "title": "\u0412", "full_title": "\u0421\u043e\u0440\u0442\u0438\u0440\u043e\u0432\u043a\u0430 \u0432\u0441\u0442\u0430\u0432\u043a\u0430\u043c\u0438", "test_limit": 3}}, {"model": "bot_logic.problem", "pk": 19, "fields": {"contest": 7, "title": "\u0421", "full_title": "\u042d\u0444\u0444\u0435\u043a\u0442\u0438\u0432\u043d\u0430\u044f \u0431\u044b\u0441\u0442\u0440\u0430\u044f \u0441\u043e\u0440\u0442\u0438\u0440\u043e\u0432\u043a\u0430", "test_limit": 3}}, {"model": "bot_logic.problem", "pk": 20, "fields": {"contest": 8, "title": "\u0410", "full_title": "\u0411\u043e\u043b\u044c\u0448\u043e\u0435 \u0447\u0438\u0441\u043b\u043e", "test_limit": 3}}, {"model": "bot_logic.problem", "pk": 21, "fields": {"contest": 8, "title": "\u0412", "full_title": "Radix Sort", "test_limit": 3}}, {"model": "bot_logic.problem", "pk": 22, "fields": {"contest": 9, "title": "\u0410", "full_title": "\u0411\u0440\u0438\u043b\u043b\u0438\u0430\u043d\u0442\u044b", "test_limit": 3}}, {"model": "bot_logic.problem", "pk": 23, "fields": {"contest": 9, "title": "\u0412", "full_title": "\u0421\u0431\u0430\u043b\u0430\u043d\u0441\u0438\u0440\u043e\u0432\u0430\u043d\u043d\u043e\u0435 \u0434\u0435\u0440\u0435\u0432\u043e", "test_limit": 3}}, {"model": "bot_logic.problem", "pk": 24, "fields": {"contest": 9, "title": "\u0421", "full_title": "\u0413\u0435\u043d\u0435\u0430\u043b\u043e\u0433\u0438\u0447\u0435\u0441\u043a\u043e\u0435 \u0434\u0440\u0435\u0432\u043e", "test_limit": 3}}, {"model": "bot_logic.problem", "pk": 25, "fields": {"contest": 10, "title": "\u0410", "full_title": "\u041a\u043e\u043d\u0434\u0440\u0430\u0442\u0438\u0435\u0432\u0430 \u043f\u0438\u0440\u0430\u043c\u0438\u0434\u0430", "test_limit": 3}}, {"model": "bot_logic.problem", "pk": 26, "fields": {"contest": 11, "title": "\u0410", "full_title": "\u0421\u0447\u0430\u0441\u0442\u043b\u0438\u0432\u044b\u0439 \u0431\u0438\u043b\u0435\u0442", "test_limit": 3}}, {"model": "bot_logic.problem", "pk": 27, "fields": {"contest": 11, "title": "\u0412", "full_title": "\u041b\u0435\u0433\u043a\u0438\u0435 \u0447\u0438\u0441\u043b\u0430", "test_limit": 3}}, {"model": "bot_logic.problem", "pk": 28, "fields": {"contest": 11, "title": "\u0421", "full_title": "\u0410\u043d\u0430\u0433\u0440\u0430\u043c\u043c\u043d\u0430\u044f \u0433\u0440\u0443\u043f\u043f\u0438\u0440\u043e\u0432\u043a\u0430", "test_limit": 3}}, {"model": "bot_logic.test", "pk": 1, "fields": {"problem": 1, "number": 1, "input_file": "tests_files/input.txt", "output_file": "tests_files/output.txt"}}, {"model": "bot_logic.test", "pk": 2, "fields": {"problem": 1, "number": 2, "input_file": "tests_files/1.txt", "output_file": "tests_files/input_ZuoIDma.txt"}}, {"model": "bot_logic.hint", "pk": 1, "fields": {"problem": 1, "text": "\u041f\u043e\u0434\u0443\u043c\u043e\u0439!"}}, {"model": "bot_logic.hint", "pk": 2, "fields": {"problem": 1, "text": "\u041f\u043e\u0434\u0443\u043c\u043e\u0439 \u0434\u0432\u0430\u0436\u0434\u044b!"}}, {"model": "bot_logic.hint", "pk": 3, "fields": {"problem": 1, "text": "\u041f\u043e\u0434\u0443\u043c\u043e\u0439 \u0442\u0440\u0438\u0436\u0434\u044b!"}}, {"model": "bot_logic.hint", "pk": 4, "fields": {"problem": 2, "text": "\u041f\u043e\u0434\u0443\u043c\u043e\u0439!"}}, {"model": "bot_logic.hint", "pk": 5, "fields": {"problem": 2, "text": "\u041f\u043e\u0434\u0443\u043c\u043e\u0439 \u0434\u0432\u0430\u0436\u0434\u044b!"}}, {"model": "bot_logic.hint", "pk": 6, "fields": {"problem": 2, "text": "\u041f\u043e\u0434\u0443\u043c\u043e\u0439 \u0442\u0440\u0438\u0436\u0434\u044b!"}}, {"model": "bot_logic.restriction", "pk": 2, "fields": {"user": 2, "problem": 1, "contest": 1, "request_counter": 2}}, {"model": "bot_logic.restriction", "pk": 3, "fields": {"user": 9, "problem": 1, "contest": 1, "request_counter": 2}}, {"model": "bot_logic.usertestpair", "pk": 2, "fields": {"user": 2, "test": 1}}, {"model": "bot_logic.usertestpair", "pk": 3, "fields": {"user": 9, "test": 1}}, {"model": "bot_logic.usertestpair", "pk": 4, "fields": {"user": 2, "test": 2}}, {"model": "bot_logic.usertestpair", "pk": 5, "fields": {"user": 9, "test": 2}}, {"model": "contenttypes.contenttype", "pk": 1, "fields": {"app_label": "bot_logic", "model": "faculty"}}, {"model": "contenttypes.contenttype", "pk": 2, "fields": {"app_label": "bot_logic", "model": "specialty"}}, {"model": "contenttypes.contenttype", "pk": 3, "fields": {"app_label": "bot_logic", "model": "student"}}, {"model": "contenttypes.contenttype", "pk": 4, "fields": {"app_label": "bot_logic", "model": "sprint"}}, {"model": "contenttypes.contenttype", "pk": 5, "fields": {"app_label": "bot_logic", "model": "contest"}}, {"model": "contenttypes.contenttype", "pk": 6, "fields": {"app_label": "bot_logic", "model": "problem"}}, {"model": "contenttypes.contenttype", "pk": 7, "fields": {"app_label": "bot_logic", "model": "test"}}, {"model": "contenttypes.contenttype", "pk": 8, "fields": {"app_label": "bot_logic", "model": "hint"}}, {"model": "contenttypes.contenttype", "pk": 9, "fields": {"app_label": "bot_logic", "model": "restriction"}}, {"model": "contenttypes.contenttype", "pk": 10, "fields": {"app_label": "bot_logic", "model": "usertestpair"}}, {"model": "contenttypes.contenttype", "pk": 11, "fields": {"app_label": "admin", "model": "logentry"}}, {"model": "contenttypes.contenttype", "pk": 12, "fields": {"app_label": "auth", "model": "permission"}}, {"model": "contenttypes.contenttype", "pk": 13, "fields": {"app_label": "auth", "model": "group"}}, {"model": "contenttypes.contenttype", "pk": 14, "fields": {"app_label": "auth", "model": "user"}}, {"model": "contenttypes.contenttype", "pk": 15, "fields": {"app_label": "contenttypes", "model": "contenttype"}}, {"model": "contenttypes.contenttype", "pk": 16, "fields": {"app_label": "sessions", "model": "session"}}, {"model": "sessions.session", "pk": "8h2oeayfhsatdnxyuecw8fy38fpwa1pb", "fields": {"session_data": "NzY3NTM1NjgyZjY0YmJmNDI4MzUzYTVhYmI4NDQ2YTNjMjdiNWJmODp7Il9hdXRoX3VzZXJfaWQiOiIyIiwiX2F1dGhfdXNlcl9iYWNrZW5kIjoiZGphbmdvLmNvbnRyaWIuYXV0aC5iYWNrZW5kcy5Nb2RlbEJhY2tlbmQiLCJfYXV0aF91c2VyX2hhc2giOiIzNDI4MTVmZTZmZThmMjY5MGRmYzBmMDFiZjQzOTg2ZDJiZTg1YWI2In0=", "expire_date": "2020-08-27T11:30:32.993Z"}}, {"model": "sessions.session", "pk": "cjy18t16omm10ssy6lebm231wrrs40d5", "fields": {"session_data": "NzY3NTM1NjgyZjY0YmJmNDI4MzUzYTVhYmI4NDQ2YTNjMjdiNWJmODp7Il9hdXRoX3VzZXJfaWQiOiIyIiwiX2F1dGhfdXNlcl9iYWNrZW5kIjoiZGphbmdvLmNvbnRyaWIuYXV0aC5iYWNrZW5kcy5Nb2RlbEJhY2tlbmQiLCJfYXV0aF91c2VyX2hhc2giOiIzNDI4MTVmZTZmZThmMjY5MGRmYzBmMDFiZjQzOTg2ZDJiZTg1YWI2In0=", "expire_date": "2020-09-01T13:39:01.321Z"}}, {"model": "sessions.session", "pk": "dqnzif9tznlyhvojp65gvl5ggpsjr2sy", "fields": {"session_data": "NzY3NTM1NjgyZjY0YmJmNDI4MzUzYTVhYmI4NDQ2YTNjMjdiNWJmODp7Il9hdXRoX3VzZXJfaWQiOiIyIiwiX2F1dGhfdXNlcl9iYWNrZW5kIjoiZGphbmdvLmNvbnRyaWIuYXV0aC5iYWNrZW5kcy5Nb2RlbEJhY2tlbmQiLCJfYXV0aF91c2VyX2hhc2giOiIzNDI4MTVmZTZmZThmMjY5MGRmYzBmMDFiZjQzOTg2ZDJiZTg1YWI2In0=", "expire_date": "2020-08-28T17:46:09.861Z"}}, {"model": "sessions.session", "pk": "gad5le0awsp2psrnoi77cbv8q5kg25mm", "fields": {"session_data": "NzY3NTM1NjgyZjY0YmJmNDI4MzUzYTVhYmI4NDQ2YTNjMjdiNWJmODp7Il9hdXRoX3VzZXJfaWQiOiIyIiwiX2F1dGhfdXNlcl9iYWNrZW5kIjoiZGphbmdvLmNvbnRyaWIuYXV0aC5iYWNrZW5kcy5Nb2RlbEJhY2tlbmQiLCJfYXV0aF91c2VyX2hhc2giOiIzNDI4MTVmZTZmZThmMjY5MGRmYzBmMDFiZjQzOTg2ZDJiZTg1YWI2In0=", "expire_date": "2020-09-02T04:39:27.468Z"}}, {"model": "sessions.session", "pk": "gxy7rh2mn56ylrev90boah6d1nt5as5k", "fields": {"session_data": "NzY3NTM1NjgyZjY0YmJmNDI4MzUzYTVhYmI4NDQ2YTNjMjdiNWJmODp7Il9hdXRoX3VzZXJfaWQiOiIyIiwiX2F1dGhfdXNlcl9iYWNrZW5kIjoiZGphbmdvLmNvbnRyaWIuYXV0aC5iYWNrZW5kcy5Nb2RlbEJhY2tlbmQiLCJfYXV0aF91c2VyX2hhc2giOiIzNDI4MTVmZTZmZThmMjY5MGRmYzBmMDFiZjQzOTg2ZDJiZTg1YWI2In0=", "expire_date": "2020-08-27T11:24:38.358Z"}}, {"model": "sessions.session", "pk": "l9t0x5gfla6gqhzgvgstdaf7s3x637r2", "fields": {"session_data": "NzY3NTM1NjgyZjY0YmJmNDI4MzUzYTVhYmI4NDQ2YTNjMjdiNWJmODp7Il9hdXRoX3VzZXJfaWQiOiIyIiwiX2F1dGhfdXNlcl9iYWNrZW5kIjoiZGphbmdvLmNvbnRyaWIuYXV0aC5iYWNrZW5kcy5Nb2RlbEJhY2tlbmQiLCJfYXV0aF91c2VyX2hhc2giOiIzNDI4MTVmZTZmZThmMjY5MGRmYzBmMDFiZjQzOTg2ZDJiZTg1YWI2In0=", "expire_date": "2020-08-31T11:40:53.841Z"}}, {"model": "auth.permission", "pk": 1, "fields": {"name": "Can add \u0424\u0430\u043a\u0443\u043b\u044c\u0442\u0435\u0442", "content_type": 1, "codename": "add_faculty"}}, {"model": "auth.permission", "pk": 2, "fields": {"name": "Can change \u0424\u0430\u043a\u0443\u043b\u044c\u0442\u0435\u0442", "content_type": 1, "codename": "change_faculty"}}, {"model": "auth.permission", "pk": 3, "fields": {"name": "Can delete \u0424\u0430\u043a\u0443\u043b\u044c\u0442\u0435\u0442", "content_type": 1, "codename": "delete_faculty"}}, {"model": "auth.permission", "pk": 4, "fields": {"name": "Can view \u0424\u0430\u043a\u0443\u043b\u044c\u0442\u0435\u0442", "content_type": 1, "codename": "view_faculty"}}, {"model": "auth.permission", "pk": 5, "fields": {"name": "Can add \u0421\u043f\u0435\u0446\u0438\u0430\u043b\u044c\u043d\u043e\u0441\u0442\u044c", "content_type": 2, "codename": "add_specialty"}}, {"model": "auth.permission", "pk": 6, "fields": {"name": "Can change \u0421\u043f\u0435\u0446\u0438\u0430\u043b\u044c\u043d\u043e\u0441\u0442\u044c", "content_type": 2, "codename": "change_specialty"}}, {"model": "auth.permission", "pk": 7, "fields": {"name": "Can delete \u0421\u043f\u0435\u0446\u0438\u0430\u043b\u044c\u043d\u043e\u0441\u0442\u044c", "content_type": 2, "codename": "delete_specialty"}}, {"model": "auth.permission", "pk": 8, "fields": {"name": "Can view \u0421\u043f\u0435\u0446\u0438\u0430\u043b\u044c\u043d\u043e\u0441\u0442\u044c", "content_type": 2, "codename": "view_specialty"}}, {"model": "auth.permission", "pk": 9, "fields": {"name": "Can add \u0421\u0442\u0443\u0434\u0435\u043d\u0442", "content_type": 3, "codename": "add_student"}}, {"model": "auth.permission", "pk": 10, "fields": {"name": "Can change \u0421\u0442\u0443\u0434\u0435\u043d\u0442", "content_type": 3, "codename": "change_student"}}, {"model": "auth.permission", "pk": 11, "fields": {"name": "Can delete \u0421\u0442\u0443\u0434\u0435\u043d\u0442", "content_type": 3, "codename": "delete_student"}}, {"model": "auth.permission", "pk": 12, "fields": {"name": "Can view \u0421\u0442\u0443\u0434\u0435\u043d\u0442", "content_type": 3, "codename": "view_student"}}, {"model": "auth.permission", "pk": 13, "fields": {"name": "Can add \u0421\u043f\u0440\u0438\u043d\u0442", "content_type": 4, "codename": "add_sprint"}}, {"model": "auth.permission", "pk": 14, "fields": {"name": "Can change \u0421\u043f\u0440\u0438\u043d\u0442", "content_type": 4, "codename": "change_sprint"}}, {"model": "auth.permission", "pk": 15, "fields": {"name": "Can delete \u0421\u043f\u0440\u0438\u043d\u0442", "content_type": 4, "codename": "delete_sprint"}}, {"model": "auth.permission", "pk": 16, "fields": {"name": "Can view \u0421\u043f\u0440\u0438\u043d\u0442", "content_type": 4, "codename": "view_sprint"}}, {"model": "auth.permission", "pk": 17, "fields": {"name": "Can add \u041a\u043e\u043d\u0442\u0435\u0441\u0442", "content_type": 5, "codename": "add_contest"}}, {"model": "auth.permission", "pk": 18, "fields": {"name": "Can change \u041a\u043e\u043d\u0442\u0435\u0441\u0442", "content_type": 5, "codename": "change_contest"}}, {"model": "auth.permission", "pk": 19, "fields": {"name": "Can delete \u041a\u043e\u043d\u0442\u0435\u0441\u0442", "content_type": 5, "codename": "delete_contest"}}, {"model": "auth.permission", "pk": 20, "fields": {"name": "Can view \u041a\u043e\u043d\u0442\u0435\u0441\u0442", "content_type": 5, "codename": "view_contest"}}, {"model": "auth.permission", "pk": 21, "fields": {"name": "Can add \u0417\u0430\u0434\u0430\u0447\u0430", "content_type": 6, "codename": "add_problem"}}, {"model": "auth.permission", "pk": 22, "fields": {"name": "Can change \u0417\u0430\u0434\u0430\u0447\u0430", "content_type": 6, "codename": "change_problem"}}, {"model": "auth.permission", "pk": 23, "fields": {"name": "Can delete \u0417\u0430\u0434\u0430\u0447\u0430", "content_type": 6, "codename": "delete_problem"}}, {"model": "auth.permission", "pk": 24, "fields": {"name": "Can view \u0417\u0430\u0434\u0430\u0447\u0430", "content_type": 6, "codename": "view_problem"}}, {"model": "auth.permission", "pk": 25, "fields": {"name": "Can add \u0422\u0435\u0441\u0442", "content_type": 7, "codename": "add_test"}}, {"model": "auth.permission", "pk": 26, "fields": {"name": "Can change \u0422\u0435\u0441\u0442", "content_type": 7, "codename": "change_test"}}, {"model": "auth.permission", "pk": 27, "fields": {"name": "Can delete \u0422\u0435\u0441\u0442", "content_type": 7, "codename": "delete_test"}}, {"model": "auth.permission", "pk": 28, "fields": {"name": "Can view \u0422\u0435\u0441\u0442", "content_type": 7, "codename": "view_test"}}, {"model": "auth.permission", "pk": 29, "fields": {"name": "Can add \u041f\u043e\u0434\u0441\u043a\u0430\u0437\u043a\u0430", "content_type": 8, "codename": "add_hint"}}, {"model": "auth.permission", "pk": 30, "fields": {"name": "Can change \u041f\u043e\u0434\u0441\u043a\u0430\u0437\u043a\u0430", "content_type": 8, "codename": "change_hint"}}, {"model": "auth.permission", "pk": 31, "fields": {"name": "Can delete \u041f\u043e\u0434\u0441\u043a\u0430\u0437\u043a\u0430", "content_type": 8, "codename": "delete_hint"}}, {"model": "auth.permission", "pk": 32, "fields": {"name": "Can view \u041f\u043e\u0434\u0441\u043a\u0430\u0437\u043a\u0430", "content_type": 8, "codename": "view_hint"}}, {"model": "auth.permission", "pk": 33, "fields": {"name": "Can add \u041e\u0433\u0440\u0430\u043d\u0438\u0447\u0435\u043d\u0438\u0435", "content_type": 9, "codename": "add_restriction"}}, {"model": "auth.permission", "pk": 34, "fields": {"name": "Can change \u041e\u0433\u0440\u0430\u043d\u0438\u0447\u0435\u043d\u0438\u0435", "content_type": 9, "codename": "change_restriction"}}, {"model": "auth.permission", "pk": 35, "fields": {"name": "Can delete \u041e\u0433\u0440\u0430\u043d\u0438\u0447\u0435\u043d\u0438\u0435", "content_type": 9, "codename": "delete_restriction"}}, {"model": "auth.permission", "pk": 36, "fields": {"name": "Can view \u041e\u0433\u0440\u0430\u043d\u0438\u0447\u0435\u043d\u0438\u0435", "content_type": 9, "codename": "view_restriction"}}, {"model": "auth.permission", "pk": 37, "fields": {"name": "Can add \u0417\u0430\u043f\u0440\u043e\u0448\u0435\u043d\u043d\u044b\u0439 \u0441\u0442\u0443\u0434\u0435\u043d\u0442\u043e\u043c \u0442\u0435\u0441\u0442", "content_type": 10, "codename": "add_usertestpair"}}, {"model": "auth.permission", "pk": 38, "fields": {"name": "Can change \u0417\u0430\u043f\u0440\u043e\u0448\u0435\u043d\u043d\u044b\u0439 \u0441\u0442\u0443\u0434\u0435\u043d\u0442\u043e\u043c \u0442\u0435\u0441\u0442", "content_type": 10, "codename": "change_usertestpair"}}, {"model": "auth.permission", "pk": 39, "fields": {"name": "Can delete \u0417\u0430\u043f\u0440\u043e\u0448\u0435\u043d\u043d\u044b\u0439 \u0441\u0442\u0443\u0434\u0435\u043d\u0442\u043e\u043c \u0442\u0435\u0441\u0442", "content_type": 10, "codename": "delete_usertestpair"}}, {"model": "auth.permission", "pk": 40, "fields": {"name": "Can view \u0417\u0430\u043f\u0440\u043e\u0448\u0435\u043d\u043d\u044b\u0439 \u0441\u0442\u0443\u0434\u0435\u043d\u0442\u043e\u043c \u0442\u0435\u0441\u0442", "content_type": 10, "codename": "view_usertestpair"}}, {"model": "auth.permission", "pk": 41, "fields": {"name": "Can add log entry", "content_type": 11, "codename": "add_logentry"}}, {"model": "auth.permission", "pk": 42, "fields": {"name": "Can change log entry", "content_type": 11, "codename": "change_logentry"}}, {"model": "auth.permission", "pk": 43, "fields": {"name": "Can delete log entry", "content_type": 11, "codename": "delete_logentry"}}, {"model": "auth.permission", "pk": 44, "fields": {"name": "Can view log entry", "content_type": 11, "codename": "view_logentry"}}, {"model": "auth.permission", "pk": 45, "fields": {"name": "Can add permission", "content_type": 12, "codename": "add_permission"}}, {"model": "auth.permission", "pk": 46, "fields": {"name": "Can change permission", "content_type": 12, "codename": "change_permission"}}, {"model": "auth.permission", "pk": 47, "fields": {"name": "Can delete permission", "content_type": 12, "codename": "delete_permission"}}, {"model": "auth.permission", "pk": 48, "fields": {"name": "Can view permission", "content_type": 12, "codename": "view_permission"}}, {"model": "auth.permission", "pk": 49, "fields": {"name": "Can add group", "content_type": 13, "codename": "add_group"}}, {"model": "auth.permission", "pk": 50, "fields": {"name": "Can change group", "content_type": 13, "codename": "change_group"}}, {"model": "auth.permission", "pk": 51, "fields": {"name": "Can delete group", "content_type": 13, "codename": "delete_group"}}, {"model": "auth.permission", "pk": 52, "fields": {"name": "Can view group", "content_type": 13, "codename": "view_group"}}, {"model": "auth.permission", "pk": 53, "fields": {"name": "Can add user", "content_type": 14, "codename": "add_user"}}, {"model": "auth.permission", "pk": 54, "fields": {"name": "Can change user", "content_type": 14, "codename": "change_user"}}, {"model": "auth.permission", "pk": 55, "fields": {"name": "Can delete user", "content_type": 14, "codename": "delete_user"}}, {"model": "auth.permission", "pk": 56, "fields": {"name": "Can view user", "content_type": 14, "codename": "view_user"}}, {"model": "auth.permission", "pk": 57, "fields": {"name": "Can add content type", "content_type": 15, "codename": "add_contenttype"}}, {"model": "auth.permission", "pk": 58, "fields": {"name": "Can change content type", "content_type": 15, "codename": "change_contenttype"}}, {"model": "auth.permission", "pk": 59, "fields": {"name": "Can delete content type", "content_type": 15, "codename": "delete_contenttype"}}, {"model": "auth.permission", "pk": 60, "fields": {"name": "Can view content type", "content_type": 15, "codename": "view_contenttype"}}, {"model": "auth.permission", "pk": 61, "fields": {"name": "Can add session", "content_type": 16, "codename": "add_session"}}, {"model": "auth.permission", "pk": 62, "fields": {"name": "Can change session", "content_type": 16, "codename": "change_session"}}, {"model": "auth.permission", "pk": 63, "fields": {"name": "Can delete session", "content_type": 16, "codename": "delete_session"}}, {"model": "auth.permission", "pk": 64, "fields": {"name": "Can view session", "content_type": 16, "codename": "view_session"}}, {"model": "auth.user", "pk": 1, "fields": {"password": "pbkdf2_sha256$180000$vHKDGE5WEDb2$+dci/oQc7hu0GX3vO4xyVbN5xBF9NA6T5nnYuxi3HS4=", "last_login": null, "is_superuser": true, "username": "\u0444\u0434algobot", "first_name": "", "last_name": "", "email": "ww@ww.ww", "is_staff": true, "is_active": true, "date_joined": "2020-08-13T11:22:29.904Z", "groups": [], "user_permissions": []}}, {"model": "auth.user", "pk": 2, "fields": {"password": "pbkdf2_sha256$180000$W9d3ZAZXpPko$H2Me7zm7w9F8+gRfv3Sa05XORD7/sst5NWK1LvtoGPE=", "last_login": "2020-08-19T04:39:27.450Z", "is_superuser": true, "username": "bot", "first_name": "", "last_name": "", "email": "gg@jj.ff", "is_staff": true, "is_active": true, "date_joined": "2020-08-13T11:24:25.453Z", "groups": [], "user_permissions": []}}, {"model": "admin.logentry", "pk": 1, "fields": {"action_time": "2020-08-13T11:30:50.824Z", "user": 2, "content_type": 1, "object_id": "1", "object_repr": "Backend", "action_flag": 1, "change_message": "[{\"added\": {}}]"}}, {"model": "admin.logentry", "pk": 2, "fields": {"action_time": "2020-08-13T11:31:14.721Z", "user": 2, "content_type": 2, "object_id": "1", "object_repr": "Python \u0440\u0430\u0437\u0440\u0430\u0431\u043e\u0442\u0447\u0438\u043a", "action_flag": 1, "change_message": "[{\"added\": {}}]"}}, {"model": "admin.logentry", "pk": 3, "fields": {"action_time": "2020-08-13T11:38:18.305Z", "user": 2, "content_type": 4, "object_id": "1", "object_repr": "12. \u0410\u043b\u0433\u043e\u0440\u0438\u0442\u043c\u044b. \u041f\u043e\u043d\u044f\u0442\u0438\u0435 \u0441\u043b\u043e\u0436\u043d\u043e\u0441\u0442\u0438 \u0430\u043b\u0433\u043e\u0440\u0438\u0442\u043c\u0430. \u041e\u0441\u043d\u043e\u0432\u043d\u044b\u0435 \u0441\u0442\u0440\u0443\u043a\u0442\u0443\u0440\u044b \u0434\u0430\u043d\u043d\u044b\u0445.", "action_flag": 1, "change_message": "[{\"added\": {}}]"}}, {"model": "admin.logentry", "pk": 4, "fields": {"action_time": "2020-08-13T11:38:59.281Z", "user": 2, "content_type": 4, "object_id": "2", "object_repr": "13. \u0416\u0430\u0434\u043d\u044b\u0435 \u0430\u043b\u0433\u043e\u0440\u0438\u0442\u043c\u044b. \u0420\u0435\u043a\u0443\u0440\u0441\u0438\u044f.", "action_flag": 1, "change_message": "[{\"added\": {}}]"}}, {"model": "admin.logentry", "pk": 5, "fields": {"action_time": "2020-08-13T11:39:13.456Z", "user": 2, "content_type": 4, "object_id": "3", "object_repr": "14. \u0421\u043e\u0440\u0442\u0438\u0440\u043e\u0432\u043a\u0438", "action_flag": 1, "change_message": "[{\"added\": {}}]"}}, {"model": "admin.logentry", "pk": 6, "fields": {"action_time": "2020-08-13T11:39:28.837Z", "user": 2, "content_type": 4, "object_id": "4", "object_repr": "15. \u0414\u0435\u0440\u0435\u0432\u044c\u044f", "action_flag": 1, "change_message": "[{\"added\": {}}]"}}, {"model": "admin.logentry", "pk": 7, "fields": {"action_time": "2020-08-13T11:39:46.976Z", "user": 2, "content_type": 4, "object_id": "5", "object_repr": "16. \u0425\u044d\u0448-\u0444\u0443\u043d\u043a\u0446\u0438\u0438", "action_flag": 1, "change_message": "[{\"added\": {}}]"}}, {"model": "admin.logentry", "pk": 8, "fields": {"action_time": "2020-08-13T11:44:56.741Z", "user": 2, "content_type": 5, "object_id": "1", "object_repr": "18338. \u0422\u0438\u043f\u0438\u0447\u043d\u044b\u0435 \u0437\u0430\u0434\u0430\u0447\u0438 \u0441 \u0441\u043e\u0431\u0435\u0441\u0435\u0434\u043e\u0432\u0430\u043d\u0438\u0439", "action_flag": 1, "change_message": "[{\"added\": {}}]"}}, {"model": "admin.logentry", "pk": 9, "fields": {"action_time": "2020-08-13T11:45:36.613Z", "user": 2, "content_type": 5, "object_id": "2", "object_repr": "18337. \u0411\u0430\u0437\u043e\u0432\u044b\u0435 \u0441\u0442\u0440\u0443\u043a\u0442\u0443\u0440\u044b \u0434\u0430\u043d\u043d\u044b\u0445", "action_flag": 1, "change_message": "[{\"added\": {}}]"}}, {"model": "admin.logentry", "pk": 10, "fields": {"action_time": "2020-08-13T11:46:05.421Z", "user": 2, "content_type": 5, "object_id": "3", "object_repr": "18357. \u0424\u0438\u043d\u0430\u043b\u044c\u043d\u044b\u0435 \u0437\u0430\u0434\u0430\u0447\u0438", "action_flag": 1, "change_message": "[{\"added\": {}}]"}}, {"model": "admin.logentry", "pk": 11, "fields": {"action_time": "2020-08-13T11:46:18.581Z", "user": 2, "content_type": 5, "object_id": "3", "object_repr": "18357. \u0421\u043f\u0440\u0438\u043d\u0442 12. \u0424\u0438\u043d\u0430\u043b\u044c\u043d\u044b\u0435 \u0437\u0430\u0434\u0430\u0447\u0438", "action_flag": 2, "change_message": "[{\"changed\": {\"fields\": [\"\\u041d\\u0430\\u0437\\u0432\\u0430\\u043d\\u0438\\u0435 \\u043a\\u043e\\u043d\\u0442\\u0435\\u0441\\u0442\\u0430\"]}}]"}}, {"model": "admin.logentry", "pk": 12, "fields": {"action_time": "2020-08-13T11:46:54.632Z", "user": 2, "content_type": 5, "object_id": "4", "object_repr": "18360. \u0416\u0430\u0434\u043d\u044b\u0435 \u0430\u043b\u0433\u043e\u0440\u0438\u0442\u043c\u044b", "action_flag": 1, "change_message": "[{\"added\": {}}]"}}, {"model": "admin.logentry", "pk": 13, "fields": {"action_time": "2020-08-13T11:47:28.089Z", "user": 2, "content_type": 5, "object_id": "5", "object_repr": "18359. \u0420\u0435\u043a\u0443\u0440\u0441\u0438\u044f", "action_flag": 1, "change_message": "[{\"added\": {}}]"}}, {"model": "admin.logentry", "pk": 14, "fields": {"action_time": "2020-08-13T11:48:09.668Z", "user": 2, "content_type": 5, "object_id": "6", "object_repr": "18358. \u0421\u043f\u0440\u0438\u043d\u0442 13. \u0424\u0438\u043d\u0430\u043b\u044c\u043d\u044b\u0435 \u0437\u0430\u0434\u0430\u0447\u0438", "action_flag": 1, "change_message": "[{\"added\": {}}]"}}, {"model": "admin.logentry", "pk": 15, "fields": {"action_time": "2020-08-13T11:48:56.416Z", "user": 2, "content_type": 5, "object_id": "7", "object_repr": "18899. \u0421\u043e\u0440\u0442\u0438\u0440\u043e\u0432\u043a\u0438", "action_flag": 1, "change_message": "[{\"added\": {}}]"}}, {"model": "admin.logentry", "pk": 16, "fields": {"action_time": "2020-08-13T11:49:35.716Z", "user": 2, "content_type": 5, "object_id": "8", "object_repr": "18970. \u0421\u043f\u0440\u0438\u043d\u0442 14. \u0424\u0438\u043d\u0430\u043b\u044c\u043d\u044b\u0435 \u0437\u0430\u0434\u0430\u0447\u0438", "action_flag": 1, "change_message": "[{\"added\": {}}]"}}, {"model": "admin.logentry", "pk": 17, "fields": {"action_time": "2020-08-13T11:50:06.897Z", "user": 2, "content_type": 5, "object_id": "9", "object_repr": "18996. \u0414\u0435\u0440\u0435\u0432\u044c\u044f", "action_flag": 1, "change_message": "[{\"added\": {}}]"}}, {"model": "admin.logentry", "pk": 18, "fields": {"action_time": "2020-08-13T11:51:09.804Z", "user": 2, "content_type": 5, "object_id": "10", "object_repr": "19044. \u0421\u043f\u0440\u0438\u043d\u0442 15. \u0424\u0438\u043d\u0430\u043b\u044c\u043d\u044b\u0435 \u0437\u0430\u0434\u0430\u0447\u0438", "action_flag": 1, "change_message": "[{\"added\": {}}]"}}, {"model": "admin.logentry", "pk": 19, "fields": {"action_time": "2020-08-13T11:51:14.942Z", "user": 2, "content_type": 5, "object_id": "10", "object_repr": "19044. \u0421\u043f\u0440\u0438\u043d\u0442 15. \u0424\u0438\u043d\u0430\u043b\u044c\u043d\u044b\u0435 \u0437\u0430\u0434\u0430\u0447\u0438", "action_flag": 2, "change_message": "[{\"changed\": {\"fields\": [\"\\u0421\\u043f\\u0440\\u0438\\u043d\\u0442\"]}}]"}}, {"model": "admin.logentry", "pk": 20, "fields": {"action_time": "2020-08-13T11:51:52.712Z", "user": 2, "content_type": 5, "object_id": "11", "object_repr": "19095. \u0425\u0435\u0448-\u0444\u0443\u043d\u043a\u0446\u0438\u0438", "action_flag": 1, "change_message": "[{\"added\": {}}]"}}, {"model": "admin.logentry", "pk": 21, "fields": {"action_time": "2020-08-13T11:52:28.316Z", "user": 2, "content_type": 4, "object_id": "5", "object_repr": "16. \u0425\u0435\u0448-\u0444\u0443\u043d\u043a\u0446\u0438\u0438", "action_flag": 2, "change_message": "[{\"changed\": {\"fields\": [\"\\u041d\\u0430\\u0437\\u0432\\u0430\\u043d\\u0438\\u0435 \\u0441\\u043f\\u0440\\u0438\\u043d\\u0442\\u0430\"]}}]"}}, {"model": "admin.logentry", "pk": 22, "fields": {"action_time": "2020-08-13T11:53:24.104Z", "user": 2, "content_type": 6, "object_id": "1", "object_repr": "12. \u0410\u043b\u0433\u043e\u0440\u0438\u0442\u043c\u044b. \u041f\u043e\u043d\u044f\u0442\u0438\u0435 \u0441\u043b\u043e\u0436\u043d\u043e\u0441\u0442\u0438 \u0430\u043b\u0433\u043e\u0440\u0438\u0442\u043c\u0430. \u041e\u0441\u043d\u043e\u0432\u043d\u044b\u0435 \u0441\u0442\u0440\u0443\u043a\u0442\u0443\u0440\u044b \u0434\u0430\u043d\u043d\u044b\u0445.18338. \u0422\u0438\u043f\u0438\u0447\u043d\u044b\u0435 \u0437\u0430\u0434\u0430\u0447\u0438 \u0441 \u0441\u043e\u0431\u0435\u0441\u0435\u0434\u043e\u0432\u0430\u043d\u0438\u0439 \u0410. \u0417\u043d\u0430\u0447\u0435\u043d\u0438\u044f \u0444\u0443\u043d\u043a\u0446\u0438\u0438", "action_flag": 1, "change_message": "[{\"added\": {}}]"}}, {"model": "admin.logentry", "pk": 23, "fields": {"action_time": "2020-08-13T11:53:44.765Z", "user": 2, "content_type": 6, "object_id": "2", "object_repr": "12. \u0410\u043b\u0433\u043e\u0440\u0438\u0442\u043c\u044b. \u041f\u043e\u043d\u044f\u0442\u0438\u0435 \u0441\u043b\u043e\u0436\u043d\u043e\u0441\u0442\u0438 \u0430\u043b\u0433\u043e\u0440\u0438\u0442\u043c\u0430. \u041e\u0441\u043d\u043e\u0432\u043d\u044b\u0435 \u0441\u0442\u0440\u0443\u043a\u0442\u0443\u0440\u044b \u0434\u0430\u043d\u043d\u044b\u0445.18338. \u0422\u0438\u043f\u0438\u0447\u043d\u044b\u0435 \u0437\u0430\u0434\u0430\u0447\u0438 \u0441 \u0441\u043e\u0431\u0435\u0441\u0435\u0434\u043e\u0432\u0430\u043d\u0438\u0439 \u0412. \u041b\u044e\u0431\u0438\u0442\u0435\u043b\u0438 \u043a\u043e\u043d\u0444\u0435\u0440\u0435\u043d\u0446\u0438\u0439", "action_flag": 1, "change_message": "[{\"added\": {}}]"}}, {"model": "admin.logentry", "pk": 24, "fields": {"action_time": "2020-08-13T11:53:57.384Z", "user": 2, "content_type": 6, "object_id": "3", "object_repr": "12. \u0410\u043b\u0433\u043e\u0440\u0438\u0442\u043c\u044b. \u041f\u043e\u043d\u044f\u0442\u0438\u0435 \u0441\u043b\u043e\u0436\u043d\u043e\u0441\u0442\u0438 \u0430\u043b\u0433\u043e\u0440\u0438\u0442\u043c\u0430. \u041e\u0441\u043d\u043e\u0432\u043d\u044b\u0435 \u0441\u0442\u0440\u0443\u043a\u0442\u0443\u0440\u044b \u0434\u0430\u043d\u043d\u044b\u0445.18338. \u0422\u0438\u043f\u0438\u0447\u043d\u044b\u0435 \u0437\u0430\u0434\u0430\u0447\u0438 \u0441 \u0441\u043e\u0431\u0435\u0441\u0435\u0434\u043e\u0432\u0430\u043d\u0438\u0439 \u0421. \u0421\u043f\u0438\u0441\u043e\u0447\u043d\u0430\u044f \u0444\u043e\u0440\u043c\u0430", "action_flag": 1, "change_message": "[{\"added\": {}}]"}}, {"model": "admin.logentry", "pk": 25, "fields": {"action_time": "2020-08-13T11:54:22.977Z", "user": 2, "content_type": 6, "object_id": "4", "object_repr": "12. \u0410\u043b\u0433\u043e\u0440\u0438\u0442\u043c\u044b. \u041f\u043e\u043d\u044f\u0442\u0438\u0435 \u0441\u043b\u043e\u0436\u043d\u043e\u0441\u0442\u0438 \u0430\u043b\u0433\u043e\u0440\u0438\u0442\u043c\u0430. \u041e\u0441\u043d\u043e\u0432\u043d\u044b\u0435 \u0441\u0442\u0440\u0443\u043a\u0442\u0443\u0440\u044b \u0434\u0430\u043d\u043d\u044b\u0445.18337. \u0411\u0430\u0437\u043e\u0432\u044b\u0435 \u0441\u0442\u0440\u0443\u043a\u0442\u0443\u0440\u044b \u0434\u0430\u043d\u043d\u044b\u0445 \u0410. \u041a\u0440\u0443\u0436\u043a\u0438", "action_flag": 1, "change_message": "[{\"added\": {}}]"}}, {"model": "admin.logentry", "pk": 26, "fields": {"action_time": "2020-08-13T11:54:34.092Z", "user": 2, "content_type": 6, "object_id": "5", "object_repr": "12. \u0410\u043b\u0433\u043e\u0440\u0438\u0442\u043c\u044b. \u041f\u043e\u043d\u044f\u0442\u0438\u0435 \u0441\u043b\u043e\u0436\u043d\u043e\u0441\u0442\u0438 \u0430\u043b\u0433\u043e\u0440\u0438\u0442\u043c\u0430. \u041e\u0441\u043d\u043e\u0432\u043d\u044b\u0435 \u0441\u0442\u0440\u0443\u043a\u0442\u0443\u0440\u044b \u0434\u0430\u043d\u043d\u044b\u0445.18337. \u0411\u0430\u0437\u043e\u0432\u044b\u0435 \u0441\u0442\u0440\u0443\u043a\u0442\u0443\u0440\u044b \u0434\u0430\u043d\u043d\u044b\u0445 \u0412. \u041c\u043e\u043d\u0438\u0442\u043e\u0440\u0438\u043d\u0433", "action_flag": 1, "change_message": "[{\"added\": {}}]"}}, {"model": "admin.logentry", "pk": 27, "fields": {"action_time": "2020-08-13T11:54:46.533Z", "user": 2, "content_type": 6, "object_id": "6", "object_repr": "12. \u0410\u043b\u0433\u043e\u0440\u0438\u0442\u043c\u044b. \u041f\u043e\u043d\u044f\u0442\u0438\u0435 \u0441\u043b\u043e\u0436\u043d\u043e\u0441\u0442\u0438 \u0430\u043b\u0433\u043e\u0440\u0438\u0442\u043c\u0430. \u041e\u0441\u043d\u043e\u0432\u043d\u044b\u0435 \u0441\u0442\u0440\u0443\u043a\u0442\u0443\u0440\u044b \u0434\u0430\u043d\u043d\u044b\u0445.18337. \u0411\u0430\u0437\u043e\u0432\u044b\u0435 \u0441\u0442\u0440\u0443\u043a\u0442\u0443\u0440\u044b \u0434\u0430\u043d\u043d\u044b\u0445 \u0421. \u041f\u043e\u0434\u0441\u0442\u0440\u043e\u043a\u0438", "action_flag": 1, "change_message": "[{\"added\": {}}]"}}, {"model": "admin.logentry", "pk": 28, "fields": {"action_time": "2020-08-13T11:55:39.609Z", "user": 2, "content_type": 6, "object_id": "7", "object_repr": "12. \u0410\u043b\u0433\u043e\u0440\u0438\u0442\u043c\u044b. \u041f\u043e\u043d\u044f\u0442\u0438\u0435 \u0441\u043b\u043e\u0436\u043d\u043e\u0441\u0442\u0438 \u0430\u043b\u0433\u043e\u0440\u0438\u0442\u043c\u0430. \u041e\u0441\u043d\u043e\u0432\u043d\u044b\u0435 \u0441\u0442\u0440\u0443\u043a\u0442\u0443\u0440\u044b \u0434\u0430\u043d\u043d\u044b\u0445.18357. \u0421\u043f\u0440\u0438\u043d\u0442 12. \u0424\u0438\u043d\u0430\u043b\u044c\u043d\u044b\u0435 \u0437\u0430\u0434\u0430\u0447\u0438 \u0410. \u041a\u0430\u043b\u044c\u043a\u0443\u043b\u044f\u0442\u043e\u0440", "action_flag": 1, "change_message": "[{\"added\": {}}]"}}, {"model": "admin.logentry", "pk": 29, "fields": {"action_time": "2020-08-13T11:55:50.241Z", "user": 2, "content_type": 6, "object_id": "8", "object_repr": "12. \u0410\u043b\u0433\u043e\u0440\u0438\u0442\u043c\u044b. \u041f\u043e\u043d\u044f\u0442\u0438\u0435 \u0441\u043b\u043e\u0436\u043d\u043e\u0441\u0442\u0438 \u0430\u043b\u0433\u043e\u0440\u0438\u0442\u043c\u0430. \u041e\u0441\u043d\u043e\u0432\u043d\u044b\u0435 \u0441\u0442\u0440\u0443\u043a\u0442\u0443\u0440\u044b \u0434\u0430\u043d\u043d\u044b\u0445.18357. \u0421\u043f\u0440\u0438\u043d\u0442 12. \u0424\u0438\u043d\u0430\u043b\u044c\u043d\u044b\u0435 \u0437\u0430\u0434\u0430\u0447\u0438 \u0412. \u0426\u0438\u043a\u043b\u044b", "action_flag": 1, "change_message": "[{\"added\": {}}]"}}, {"model": "admin.logentry", "pk": 30, "fields": {"action_time": "2020-08-13T11:56:51.238Z", "user": 2, "content_type": 6, "object_id": "9", "object_repr": "13. \u0416\u0430\u0434\u043d\u044b\u0435 \u0430\u043b\u0433\u043e\u0440\u0438\u0442\u043c\u044b. \u0420\u0435\u043a\u0443\u0440\u0441\u0438\u044f.18360. \u0416\u0430\u0434\u043d\u044b\u0435 \u0430\u043b\u0433\u043e\u0440\u0438\u0442\u043c\u044b \u0410. \u0420\u0430\u0441\u043f\u0438\u0441\u0430\u043d\u0438\u0435", "action_flag": 1, "change_message": "[{\"added\": {}}]"}}, {"model": "admin.logentry", "pk": 31, "fields": {"action_time": "2020-08-13T11:57:02.677Z", "user": 2, "content_type": 6, "object_id": "10", "object_repr": "13. \u0416\u0430\u0434\u043d\u044b\u0435 \u0430\u043b\u0433\u043e\u0440\u0438\u0442\u043c\u044b. \u0420\u0435\u043a\u0443\u0440\u0441\u0438\u044f.18360. \u0416\u0430\u0434\u043d\u044b\u0435 \u0430\u043b\u0433\u043e\u0440\u0438\u0442\u043c\u044b \u0412. \u0411\u0438\u0440\u0436\u0430", "action_flag": 1, "change_message": "[{\"added\": {}}]"}}, {"model": "admin.logentry", "pk": 32, "fields": {"action_time": "2020-08-13T11:57:16.193Z", "user": 2, "content_type": 6, "object_id": "11", "object_repr": "13. \u0416\u0430\u0434\u043d\u044b\u0435 \u0430\u043b\u0433\u043e\u0440\u0438\u0442\u043c\u044b. \u0420\u0435\u043a\u0443\u0440\u0441\u0438\u044f.18360. \u0416\u0430\u0434\u043d\u044b\u0435 \u0430\u043b\u0433\u043e\u0440\u0438\u0442\u043c\u044b \u0421. \u041f\u043e\u0434\u043f\u043e\u0441\u043b\u0435\u0434\u043e\u0432\u0430\u0442\u0435\u043b\u044c\u043d\u043e\u0441\u0442\u044c", "action_flag": 1, "change_message": "[{\"added\": {}}]"}}, {"model": "admin.logentry", "pk": 33, "fields": {"action_time": "2020-08-13T11:57:45.713Z", "user": 2, "content_type": 6, "object_id": "12", "object_repr": "13. \u0416\u0430\u0434\u043d\u044b\u0435 \u0430\u043b\u0433\u043e\u0440\u0438\u0442\u043c\u044b. \u0420\u0435\u043a\u0443\u0440\u0441\u0438\u044f.18359. \u0420\u0435\u043a\u0443\u0440\u0441\u0438\u044f \u0410. \u0420\u0435\u043a\u0443\u0440\u0441\u0438\u0432\u043d\u044b\u0435 \u0447\u0438\u0441\u043b\u0430 \u0424\u0438\u0431\u043e\u043d\u0430\u0447\u0447\u0438", "action_flag": 1, "change_message": "[{\"added\": {}}]"}}, {"model": "admin.logentry", "pk": 34, "fields": {"action_time": "2020-08-13T11:57:58.098Z", "user": 2, "content_type": 6, "object_id": "13", "object_repr": "13. \u0416\u0430\u0434\u043d\u044b\u0435 \u0430\u043b\u0433\u043e\u0440\u0438\u0442\u043c\u044b. \u0420\u0435\u043a\u0443\u0440\u0441\u0438\u044f.18359. \u0420\u0435\u043a\u0443\u0440\u0441\u0438\u044f \u0412. \u0424\u0438\u0431\u043e\u043d\u0430\u0447\u0447\u0438 \u0441 \u043f\u0430\u043c\u044f\u0442\u044c\u044e", "action_flag": 1, "change_message": "[{\"added\": {}}]"}}, {"model": "admin.logentry", "pk": 35, "fields": {"action_time": "2020-08-13T11:58:10.261Z", "user": 2, "content_type": 6, "object_id": "14", "object_repr": "13. \u0416\u0430\u0434\u043d\u044b\u0435 \u0430\u043b\u0433\u043e\u0440\u0438\u0442\u043c\u044b. \u0420\u0435\u043a\u0443\u0440\u0441\u0438\u044f.18359. \u0420\u0435\u043a\u0443\u0440\u0441\u0438\u044f \u0421. \u042d\u0444\u0444\u0435\u043a\u0442\u0438\u0432\u043d\u044b\u0435 \u0447\u0438\u0441\u043b\u0430 \u0424\u0438\u0431\u043e\u043d\u0430\u0447\u0447\u0438", "action_flag": 1, "change_message": "[{\"added\": {}}]"}}, {"model": "admin.logentry", "pk": 36, "fields": {"action_time": "2020-08-13T11:58:43.274Z", "user": 2, "content_type": 6, "object_id": "15", "object_repr": "13. \u0416\u0430\u0434\u043d\u044b\u0435 \u0430\u043b\u0433\u043e\u0440\u0438\u0442\u043c\u044b. \u0420\u0435\u043a\u0443\u0440\u0441\u0438\u044f.18358. \u0421\u043f\u0440\u0438\u043d\u0442 13. \u0424\u0438\u043d\u0430\u043b\u044c\u043d\u044b\u0435 \u0437\u0430\u0434\u0430\u0447\u0438 \u0410. \u0424\u043e\u0442\u043e\u043a\u043e\u043f\u0438\u0438", "action_flag": 1, "change_message": "[{\"added\": {}}]"}}, {"model": "admin.logentry", "pk": 37, "fields": {"action_time": "2020-08-13T11:58:54.505Z", "user": 2, "content_type": 6, "object_id": "16", "object_repr": "13. \u0416\u0430\u0434\u043d\u044b\u0435 \u0430\u043b\u0433\u043e\u0440\u0438\u0442\u043c\u044b. \u0420\u0435\u043a\u0443\u0440\u0441\u0438\u044f.18358. \u0421\u043f\u0440\u0438\u043d\u0442 13. \u0424\u0438\u043d\u0430\u043b\u044c\u043d\u044b\u0435 \u0437\u0430\u0434\u0430\u0447\u0438 \u0412. \u041f\u043e\u0438\u0441\u043a \u0432 \u0441\u043b\u043e\u043c\u0430\u043d\u043d\u043e\u043c \u043c\u0430\u0441\u0441\u0438\u0432\u0435", "action_flag": 1, "change_message": "[{\"added\": {}}]"}}, {"model": "admin.logentry", "pk": 38, "fields": {"action_time": "2020-08-13T11:59:29.894Z", "user": 2, "content_type": 6, "object_id": "17", "object_repr": "14. \u0421\u043e\u0440\u0442\u0438\u0440\u043e\u0432\u043a\u043818899. \u0421\u043e\u0440\u0442\u0438\u0440\u043e\u0432\u043a\u0438 \u0410. \u041f\u0443\u0437\u044b\u0440\u0435\u043a", "action_flag": 1, "change_message": "[{\"added\": {}}]"}}, {"model": "admin.logentry", "pk": 39, "fields": {"action_time": "2020-08-13T11:59:41.550Z", "user": 2, "content_type": 6, "object_id": "18", "object_repr": "14. \u0421\u043e\u0440\u0442\u0438\u0440\u043e\u0432\u043a\u043818899. \u0421\u043e\u0440\u0442\u0438\u0440\u043e\u0432\u043a\u0438 \u0412. \u0421\u043e\u0440\u0442\u0438\u0440\u043e\u0432\u043a\u0430 \u0432\u0441\u0442\u0430\u0432\u043a\u0430\u043c\u0438", "action_flag": 1, "change_message": "[{\"added\": {}}]"}}, {"model": "admin.logentry", "pk": 40, "fields": {"action_time": "2020-08-13T11:59:54.762Z", "user": 2, "content_type": 6, "object_id": "19", "object_repr": "14. \u0421\u043e\u0440\u0442\u0438\u0440\u043e\u0432\u043a\u043818899. \u0421\u043e\u0440\u0442\u0438\u0440\u043e\u0432\u043a\u0438 \u0421. \u042d\u0444\u0444\u0435\u043a\u0442\u0438\u0432\u043d\u0430\u044f \u0431\u044b\u0441\u0442\u0440\u0430\u044f \u0441\u043e\u0440\u0442\u0438\u0440\u043e\u0432\u043a\u0430", "action_flag": 1, "change_message": "[{\"added\": {}}]"}}, {"model": "admin.logentry", "pk": 41, "fields": {"action_time": "2020-08-13T12:00:26.446Z", "user": 2, "content_type": 6, "object_id": "20", "object_repr": "14. \u0421\u043e\u0440\u0442\u0438\u0440\u043e\u0432\u043a\u043818970. \u0421\u043f\u0440\u0438\u043d\u0442 14. \u0424\u0438\u043d\u0430\u043b\u044c\u043d\u044b\u0435 \u0437\u0430\u0434\u0430\u0447\u0438 \u0410. \u0411\u043e\u043b\u044c\u0448\u043e\u0435 \u0447\u0438\u0441\u043b\u043e", "action_flag": 1, "change_message": "[{\"added\": {}}]"}}, {"model": "admin.logentry", "pk": 42, "fields": {"action_time": "2020-08-13T12:00:39.838Z", "user": 2, "content_type": 6, "object_id": "21", "object_repr": "14. \u0421\u043e\u0440\u0442\u0438\u0440\u043e\u0432\u043a\u043818970. \u0421\u043f\u0440\u0438\u043d\u0442 14. \u0424\u0438\u043d\u0430\u043b\u044c\u043d\u044b\u0435 \u0437\u0430\u0434\u0430\u0447\u0438 \u0412. Radix Sort", "action_flag": 1, "change_message": "[{\"added\": {}}]"}}, {"model": "admin.logentry", "pk": 43, "fields": {"action_time": "2020-08-13T12:01:04.206Z", "user": 2, "content_type": 6, "object_id": "22", "object_repr": "15. \u0414\u0435\u0440\u0435\u0432\u044c\u044f18996. \u0414\u0435\u0440\u0435\u0432\u044c\u044f \u0410. \u0411\u0440\u0438\u043b\u043b\u0438\u0430\u043d\u0442\u044b", "action_flag": 1, "change_message": "[{\"added\": {}}]"}}, {"model": "admin.logentry", "pk": 44, "fields": {"action_time": "2020-08-13T12:01:19.255Z", "user": 2, "content_type": 6, "object_id": "23", "object_repr": "15. \u0414\u0435\u0440\u0435\u0432\u044c\u044f18996. \u0414\u0435\u0440\u0435\u0432\u044c\u044f \u0412. \u0421\u0431\u0430\u043b\u0430\u043d\u0441\u0438\u0440\u043e\u0432\u0430\u043d\u043d\u043e\u0435 \u0434\u0435\u0440\u0435\u0432\u043e", "action_flag": 1, "change_message": "[{\"added\": {}}]"}}, {"model": "admin.logentry", "pk": 45, "fields": {"action_time": "2020-08-13T12:01:30.452Z", "user": 2, "content_type": 6, "object_id": "24", "object_repr": "15. \u0414\u0435\u0440\u0435\u0432\u044c\u044f18996. \u0414\u0435\u0440\u0435\u0432\u044c\u044f \u0421. \u0413\u0435\u043d\u0435\u0430\u043b\u043e\u0433\u0438\u0447\u0435\u0441\u043a\u043e\u0435 \u0434\u0440\u0435\u0432\u043e", "action_flag": 1, "change_message": "[{\"added\": {}}]"}}, {"model": "admin.logentry", "pk": 46, "fields": {"action_time": "2020-08-13T12:01:46.986Z", "user": 2, "content_type": 6, "object_id": "25", "object_repr": "15. \u0414\u0435\u0440\u0435\u0432\u044c\u044f19044. \u0421\u043f\u0440\u0438\u043d\u0442 15. \u0424\u0438\u043d\u0430\u043b\u044c\u043d\u044b\u0435 \u0437\u0430\u0434\u0430\u0447\u0438 \u0410. \u041a\u043e\u043d\u0434\u0440\u0430\u0442\u0438\u0435\u0432\u0430 \u043f\u0438\u0440\u0430\u043c\u0438\u0434\u0430", "action_flag": 1, "change_message": "[{\"added\": {}}]"}}, {"model": "admin.logentry", "pk": 47, "fields": {"action_time": "2020-08-13T12:02:11.363Z", "user": 2, "content_type": 6, "object_id": "26", "object_repr": "16. \u0425\u0435\u0448-\u0444\u0443\u043d\u043a\u0446\u0438\u043819095. \u0425\u0435\u0448-\u0444\u0443\u043d\u043a\u0446\u0438\u0438 \u0410. \u0421\u0447\u0430\u0441\u0442\u043b\u0438\u0432\u044b\u0439 \u0431\u0438\u043b\u0435\u0442", "action_flag": 1, "change_message": "[{\"added\": {}}]"}}, {"model": "admin.logentry", "pk": 48, "fields": {"action_time": "2020-08-13T12:02:24.027Z", "user": 2, "content_type": 6, "object_id": "27", "object_repr": "16. \u0425\u0435\u0448-\u0444\u0443\u043d\u043a\u0446\u0438\u043819095. \u0425\u0435\u0448-\u0444\u0443\u043d\u043a\u0446\u0438\u0438 \u0412. \u041b\u0435\u0433\u043a\u0438\u0435 \u0447\u0438\u0441\u043b\u0430", "action_flag": 1, "change_message": "[{\"added\": {}}]"}}, {"model": "admin.logentry", "pk": 49, "fields": {"action_time": "2020-08-13T12:02:40.342Z", "user": 2, "content_type": 6, "object_id": "28", "object_repr": "16. \u0425\u0435\u0448-\u0444\u0443\u043d\u043a\u0446\u0438\u043819095. \u0425\u0435\u0448-\u0444\u0443\u043d\u043a\u0446\u0438\u0438 \u0421. \u0410\u043d\u0430\u0433\u0440\u0430\u043c\u043c\u043d\u0430\u044f \u0433\u0440\u0443\u043f\u043f\u0438\u0440\u043e\u0432\u043a\u0430", "action_flag": 1, "change_message": "[{\"added\": {}}]"}}, {"model": "admin.logentry", "pk": 50, "fields": {"action_time": "2020-08-13T12:03:42.186Z", "user": 2, "content_type": 8, "object_id": "1", "object_repr": "\u041f\u043e\u0434\u0443\u043c\u043e\u0439!", "action_flag": 1, "change_message": "[{\"added\": {}}]"}}, {"model": "admin.logentry", "pk": 51, "fields": {"action_time": "2020-08-13T12:03:55.805Z", "user": 2, "content_type": 8, "object_id": "2", "object_repr": "\u041f\u043e\u0434\u0443\u043c\u043e\u0439 \u0434\u0432\u0430\u0436\u0434\u044b!", "action_flag": 1, "change_message": "[{\"added\": {}}]"}}, {"model": "admin.logentry", "pk": 52, "fields": {"action_time": "2020-08-13T12:04:04.602Z", "user": 2, "content_type": 8, "object_id": "3", "object_repr": "\u041f\u043e\u0434\u0443\u043c\u043e\u0439 \u0442\u0440\u0438\u0436\u0434\u044b!", "action_flag": 1, "change_message": "[{\"added\": {}}]"}}, {"model": "admin.logentry", "pk": 53, "fields": {"action_time": "2020-08-13T12:04:18.154Z", "user": 2, "content_type": 8, "object_id": "4", "object_repr": "\u041f\u043e\u0434\u0443\u043c\u043e\u0439!", "action_flag": 1, "change_message": "[{\"added\": {}}]"}}, {"model": "admin.logentry", "pk": 54, "fields": {"action_time": "2020-08-13T12:04:37.517Z", "user": 2, "content_type": 8, "object_id": "5", "object_repr": "\u041f\u043e\u0434\u0443\u043c\u043e\u0439 \u0434\u0432\u0430\u0436\u0434\u044b!", "action_flag": 1, "change_message": "[{\"added\": {}}]"}}, {"model": "admin.logentry", "pk": 55, "fields": {"action_time": "2020-08-13T12:04:47.706Z", "user": 2, "content_type": 8, "object_id": "6", "object_repr": "\u041f\u043e\u0434\u0443\u043c\u043e\u0439 \u0442\u0440\u0438\u0436\u0434\u044b!", "action_flag": 1, "change_message": "[{\"added\": {}}]"}}, {"model": "admin.logentry", "pk": 56, "fields": {"action_time": "2020-08-13T12:12:35.294Z", "user": 2, "content_type": 2, "object_id": "2", "object_repr": "\u0410\u043b\u0433\u043e\u0440\u0438\u0442\u043c\u044b", "action_flag": 1, "change_message": "[{\"added\": {}}]"}}, {"model": "admin.logentry", "pk": 57, "fields": {"action_time": "2020-08-13T13:17:39.348Z", "user": 2, "content_type": 3, "object_id": "1", "object_repr": "\u0414\u043c\u0438\u0442\u0440\u0438\u0439 \u0411\u0440\u0435\u0437\u0433\u0443\u043d\u043e\u0432, \u043a\u043e\u0433\u043e\u0440\u0442\u0430 1", "action_flag": 3, "change_message": ""}}, {"model": "admin.logentry", "pk": 58, "fields": {"action_time": "2020-08-14T17:48:17.214Z", "user": 2, "content_type": 6, "object_id": "1", "object_repr": "12. \u0410\u043b\u0433\u043e\u0440\u0438\u0442\u043c\u044b. \u041f\u043e\u043d\u044f\u0442\u0438\u0435 \u0441\u043b\u043e\u0436\u043d\u043e\u0441\u0442\u0438 \u0430\u043b\u0433\u043e\u0440\u0438\u0442\u043c\u0430. \u041e\u0441\u043d\u043e\u0432\u043d\u044b\u0435 \u0441\u0442\u0440\u0443\u043a\u0442\u0443\u0440\u044b \u0434\u0430\u043d\u043d\u044b\u0445.18338. \u0422\u0438\u043f\u0438\u0447\u043d\u044b\u0435 \u0437\u0430\u0434\u0430\u0447\u0438 \u0441 \u0441\u043e\u0431\u0435\u0441\u0435\u0434\u043e\u0432\u0430\u043d\u0438\u0439 \u0410. \u0417\u043d\u0430\u0447\u0435\u043d\u0438\u044f \u0444\u0443\u043d\u043a\u0446\u0438\u0438", "action_flag": 2, "change_message": "[]"}}, {"model": "admin.logentry", "pk": 59, "fields": {"action_time": "2020-08-14T17:48:22.215Z", "user": 2, "content_type": 6, "object_id": "2", "object_repr": "12. \u0410\u043b\u0433\u043e\u0440\u0438\u0442\u043c\u044b. \u041f\u043e\u043d\u044f\u0442\u0438\u0435 \u0441\u043b\u043e\u0436\u043d\u043e\u0441\u0442\u0438 \u0430\u043b\u0433\u043e\u0440\u0438\u0442\u043c\u0430. \u041e\u0441\u043d\u043e\u0432\u043d\u044b\u0435 \u0441\u0442\u0440\u0443\u043a\u0442\u0443\u0440\u044b \u0434\u0430\u043d\u043d\u044b\u0445.18338. \u0422\u0438\u043f\u0438\u0447\u043d\u044b\u0435 \u0437\u0430\u0434\u0430\u0447\u0438 \u0441 \u0441\u043e\u0431\u0435\u0441\u0435\u0434\u043e\u0432\u0430\u043d\u0438\u0439 \u0412. \u041b\u044e\u0431\u0438\u0442\u0435\u043b\u0438 \u043a\u043e\u043d\u0444\u0435\u0440\u0435\u043d\u0446\u0438\u0439", "action_flag": 2, "change_message": "[]"}}, {"model": "admin.logentry", "pk": 60, "fields": {"action_time": "2020-08-14T17:48:30.071Z", "user": 2, "content_type": 6, "object_id": "1", "object_repr": "12. \u0410\u043b\u0433\u043e\u0440\u0438\u0442\u043c\u044b. \u041f\u043e\u043d\u044f\u0442\u0438\u0435 \u0441\u043b\u043e\u0436\u043d\u043e\u0441\u0442\u0438 \u0430\u043b\u0433\u043e\u0440\u0438\u0442\u043c\u0430. \u041e\u0441\u043d\u043e\u0432\u043d\u044b\u0435 \u0441\u0442\u0440\u0443\u043a\u0442\u0443\u0440\u044b \u0434\u0430\u043d\u043d\u044b\u0445.18338. \u0422\u0438\u043f\u0438\u0447\u043d\u044b\u0435 \u0437\u0430\u0434\u0430\u0447\u0438 \u0441 \u0441\u043e\u0431\u0435\u0441\u0435\u0434\u043e\u0432\u0430\u043d\u0438\u0439 A. \u0417\u043d\u0430\u0447\u0435\u043d\u0438\u044f \u0444\u0443\u043d\u043a\u0446\u0438\u0438", "action_flag": 2, "change_message": "[{\"changed\": {\"fields\": [\"\\u041d\\u043e\\u043c\\u0435\\u0440 \\u0437\\u0430\\u0434\\u0430\\u0447\\u0438\"]}}]"}}, {"model": "admin.logentry", "pk": 61, "fields": {"action_time": "2020-08-14T17:48:37.746Z", "user": 2, "content_type": 6, "object_id": "2", "object_repr": "12. \u0410\u043b\u0433\u043e\u0440\u0438\u0442\u043c\u044b. \u041f\u043e\u043d\u044f\u0442\u0438\u0435 \u0441\u043b\u043e\u0436\u043d\u043e\u0441\u0442\u0438 \u0430\u043b\u0433\u043e\u0440\u0438\u0442\u043c\u0430. \u041e\u0441\u043d\u043e\u0432\u043d\u044b\u0435 \u0441\u0442\u0440\u0443\u043a\u0442\u0443\u0440\u044b \u0434\u0430\u043d\u043d\u044b\u0445.18338. \u0422\u0438\u043f\u0438\u0447\u043d\u044b\u0435 \u0437\u0430\u0434\u0430\u0447\u0438 \u0441 \u0441\u043e\u0431\u0435\u0441\u0435\u0434\u043e\u0432\u0430\u043d\u0438\u0439 B. \u041b\u044e\u0431\u0438\u0442\u0435\u043b\u0438 \u043a\u043e\u043d\u0444\u0435\u0440\u0435\u043d\u0446\u0438\u0439", "action_flag": 2, "change_message": "[{\"changed\": {\"fields\": [\"\\u041d\\u043e\\u043c\\u0435\\u0440 \\u0437\\u0430\\u0434\\u0430\\u0447\\u0438\"]}}]"}}, {"model": "admin.logentry", "pk": 62, "fields": {"action_time": "2020-08-14T17:48:44.498Z", "user": 2, "content_type": 6, "object_id": "3", "object_repr": "12. \u0410\u043b\u0433\u043e\u0440\u0438\u0442\u043c\u044b. \u041f\u043e\u043d\u044f\u0442\u0438\u0435 \u0441\u043b\u043e\u0436\u043d\u043e\u0441\u0442\u0438 \u0430\u043b\u0433\u043e\u0440\u0438\u0442\u043c\u0430. \u041e\u0441\u043d\u043e\u0432\u043d\u044b\u0435 \u0441\u0442\u0440\u0443\u043a\u0442\u0443\u0440\u044b \u0434\u0430\u043d\u043d\u044b\u0445.18338. \u0422\u0438\u043f\u0438\u0447\u043d\u044b\u0435 \u0437\u0430\u0434\u0430\u0447\u0438 \u0441 \u0441\u043e\u0431\u0435\u0441\u0435\u0434\u043e\u0432\u0430\u043d\u0438\u0439 C. \u0421\u043f\u0438\u0441\u043e\u0447\u043d\u0430\u044f \u0444\u043e\u0440\u043c\u0430", "action_flag": 2, "change_message": "[{\"changed\": {\"fields\": [\"\\u041d\\u043e\\u043c\\u0435\\u0440 \\u0437\\u0430\\u0434\\u0430\\u0447\\u0438\"]}}]"}}, {"model": "admin.logentry", "pk": 63, "fields": {"action_time": "2020-08-15T10:34:45.417Z", "user": 2, "content_type": 3, "object_id": "3", "object_repr": "\u0414\u043c\u0438\u0442\u0440\u0438\u0439 \u0411\u0440\u0435\u0437\u0433\u0443\u043d\u043e\u0432, \u043a\u043e\u0433\u043e\u0440\u0442\u0430 1", "action_flag": 3, "change_message": ""}}, {"model": "admin.logentry", "pk": 64, "fields": {"action_time": "2020-08-15T10:38:12.269Z", "user": 2, "content_type": 7, "object_id": "1", "object_repr": "A. \u0417\u043d\u0430\u0447\u0435\u043d\u0438\u044f \u0444\u0443\u043d\u043a\u0446\u0438\u0438. \u0422\u0435\u0441\u0442 \u21161", "action_flag": 1, "change_message": "[{\"added\": {}}]"}}, {"model": "admin.logentry", "pk": 65, "fields": {"action_time": "2020-08-15T12:14:10.740Z", "user": 2, "content_type": 3, "object_id": "4", "object_repr": "\u0414\u043c\u0438\u0442\u0440\u0438\u0439 \u0411\u0440\u0435\u0437\u0433\u0443\u043d\u043e\u0432, \u043a\u043e\u0433\u043e\u0440\u0442\u0430 1", "action_flag": 3, "change_message": ""}}, {"model": "admin.logentry", "pk": 66, "fields": {"action_time": "2020-08-15T12:14:51.662Z", "user": 2, "content_type": 3, "object_id": "5", "object_repr": "\u0414\u043c\u0438\u0442\u0440\u0438\u0439 \u0411\u0440\u0435\u0437\u0433\u0443\u043d\u043e\u0432, \u043a\u043e\u0433\u043e\u0440\u0442\u0430 1", "action_flag": 3, "change_message": ""}}, {"model": "admin.logentry", "pk": 67, "fields": {"action_time": "2020-08-18T13:43:43.868Z", "user": 2, "content_type": 7, "object_id": "2", "object_repr": "A. \u0417\u043d\u0430\u0447\u0435\u043d\u0438\u044f \u0444\u0443\u043d\u043a\u0446\u0438\u0438. \u0422\u0435\u0441\u0442 \u21162", "action_flag": 1, "change_message": "[{\"added\": {}}]"}}]