[{"model": "bot_logic.faculty", "pk": 1, "fields": {"title": "Backend"}}, {"model": "bot_logic.faculty", "pk": 2, "fields": {"title": "Frontend"}}, {"model": "bot_logic.specialty", "pk": 1, "fields": {"title": "Python \u0440\u0430\u0437\u0440\u0430\u0431\u043e\u0442\u0447\u0438\u043a", "faculty": 1}}, {"model": "bot_logic.specialty", "pk": 2, "fields": {"title": "\u0410\u043b\u0433\u043e\u0440\u0438\u0442\u043c\u044b", "faculty": 1}}, {"model": "bot_logic.specialty", "pk": 3, "fields": {"title": "Full-stack \u0440\u0430\u0437\u0440\u0430\u0431\u043e\u0442\u0447\u0438\u043a", "faculty": 2}}, {"model": "bot_logic.student", "pk": 13, "fields": {"first_name": "\u0414\u043c\u0438\u0442\u0440\u0438\u0439", "last_name": "\u0411\u0440\u0435\u0437\u0433\u0443\u043d\u043e\u0432", "email": "dmitry.brezgunov@yandex.ru", "slack_id": "U017KDAAFU5", "cohort": 1, "specialty": 2}}, {"model": "bot_logic.student", "pk": 14, "fields": {"first_name": "olya", "last_name": "leo", "email": "test@test.com", "slack_id": "U017XLYQ8D8", "cohort": 1, "specialty": 2}}, {"model": "bot_logic.student", "pk": 16, "fields": {"first_name": "123", "last_name": "321", "email": "123@123.rf", "slack_id": "U0179QC1BJN", "cohort": 1, "specialty": 1}}, {"model": "bot_logic.student", "pk": 18, "fields": {"first_name": "\u0410\u043b\u0435\u043a\u0441\u0435\u0439", "last_name": "\u0417\u0432\u0435\u0440\u0435\u0432", "email": "aleksizverev@yandex.ru", "slack_id": "U017PJ97G2F", "cohort": 4, "specialty": 1}}, {"model": "bot_logic.student", "pk": 19, "fields": {"first_name": "\u041d\u0438\u043a\u043e\u043b\u0430\u0439", "last_name": "\u0411\u0430\u0442\u044c\u043a\u043e\u0432\u0438\u0447", "email": "test@test.me", "slack_id": "U01873R9PQR", "cohort": 1, "specialty": 1}}, {"model": "bot_logic.sprint", "pk": 1, "fields": {"specialty": 1, "number": 12, "title": "\u0410\u043b\u0433\u043e\u0440\u0438\u0442\u043c\u044b. \u041f\u043e\u043d\u044f\u0442\u0438\u0435 \u0441\u043b\u043e\u0436\u043d\u043e\u0441\u0442\u0438 \u0430\u043b\u0433\u043e\u0440\u0438\u0442\u043c\u0430. \u041e\u0441\u043d\u043e\u0432\u043d\u044b\u0435 \u0441\u0442\u0440\u0443\u043a\u0442\u0443\u0440\u044b \u0434\u0430\u043d\u043d\u044b\u0445."}}, {"model": "bot_logic.sprint", "pk": 2, "fields": {"specialty": 1, "number": 13, "title": "\u0416\u0430\u0434\u043d\u044b\u0435 \u0430\u043b\u0433\u043e\u0440\u0438\u0442\u043c\u044b. \u0420\u0435\u043a\u0443\u0440\u0441\u0438\u044f."}}, {"model": "bot_logic.sprint", "pk": 3, "fields": {"specialty": 1, "number": 14, "title": "\u0421\u043e\u0440\u0442\u0438\u0440\u043e\u0432\u043a\u0438"}}, {"model": "bot_logic.sprint", "pk": 4, "fields": {"specialty": 1, "number": 15, "title": "\u0414\u0435\u0440\u0435\u0432\u044c\u044f"}}, {"model": "bot_logic.sprint", "pk": 5, "fields": {"specialty": 1, "number": 16, "title": "\u0425\u0435\u0448-\u0444\u0443\u043d\u043a\u0446\u0438\u0438"}}, {"model": "bot_logic.sprint", "pk": 6, "fields": {"specialty": 2, "number": 1, "title": "\u0412\u0432\u0435\u0434\u0435\u043d\u0438\u0435. \u0421\u043b\u043e\u0436\u043d\u043e\u0441\u0442\u044c \u0430\u043b\u0433\u043e\u0440\u0438\u0442\u043c\u043e\u0432. \u041e\u0441\u043d\u043e\u0432\u043d\u044b\u0435 \u0441\u0442\u0440\u0443\u043a\u0442\u0443\u0440\u044b \u0434\u0430\u043d\u043d\u044b\u0445"}}, {"model": "bot_logic.sprint", "pk": 7, "fields": {"specialty": 2, "number": 2, "title": "\u0416\u0430\u0434\u043d\u044b\u0435 \u0430\u043b\u0433\u043e\u0440\u0438\u0442\u043c\u044b. \u0420\u0435\u043a\u0443\u0440\u0441\u0438\u044f."}}, {"model": "bot_logic.sprint", "pk": 8, "fields": {"specialty": 2, "number": 3, "title": "\u0421\u043e\u0440\u0442\u0438\u0440\u043e\u0432\u043a\u0438"}}, {"model": "bot_logic.sprint", "pk": 9, "fields": {"specialty": 2, "number": 4, "title": "\u0414\u0435\u0440\u0435\u0432\u044c\u044f"}}, {"model": "bot_logic.sprint", "pk": 10, "fields": {"specialty": 2, "number": 5, "title": "\u0425\u0435\u0448-\u0444\u0443\u043d\u043a\u0446\u0438\u0438"}}, {"model": "bot_logic.sprint", "pk": 11, "fields": {"specialty": 2, "number": 6, "title": "\u0410\u043b\u0433\u043e\u0440\u0438\u0442\u043c\u044b \u043d\u0430 \u0441\u0442\u0440\u043e\u043a\u0430\u0445"}}, {"model": "bot_logic.sprint", "pk": 12, "fields": {"specialty": 2, "number": 7, "title": "\u0413\u0440\u0430\u0444\u044b"}}, {"model": "bot_logic.sprint", "pk": 13, "fields": {"specialty": 1, "number": 1, "title": "\u0414\u043b\u0438\u043d\u043d\u043e\u0435 \u043d\u0430\u0437\u0432\u0430\u043d\u0438\u0435 \u0441\u043f\u0440\u0438\u043d\u0442\u0430 \u0434\u043b\u044f \u043f\u0440\u043e\u0432\u0435\u0440\u043a\u0438 (\u0442\u0443\u0442 \u043c\u0430\u043a\u0441\u0438\u043c\u0443\u043c 70 \u0441\u0438\u043c\u0432\u043e\u043b\u043e\u0432)"}}, {"model": "bot_logic.contest", "pk": 1, "fields": {"number": 18338, "title": "\u0422\u0438\u043f\u0438\u0447\u043d\u044b\u0435 \u0437\u0430\u0434\u0430\u0447\u0438 \u0441 \u0441\u043e\u0431\u0435\u0441\u0435\u0434\u043e\u0432\u0430\u043d\u0438\u0439", "test_limit": 10, "sprint": [1, 6]}}, {"model": "bot_logic.contest", "pk": 2, "fields": {"number": 18337, "title": "\u0411\u0430\u0437\u043e\u0432\u044b\u0435 \u0441\u0442\u0440\u0443\u043a\u0442\u0443\u0440\u044b \u0434\u0430\u043d\u043d\u044b\u0445", "test_limit": 10, "sprint": [1, 6]}}, {"model": "bot_logic.contest", "pk": 3, "fields": {"number": 18357, "title": "\u0421\u043f\u0440\u0438\u043d\u0442 12. \u0424\u0438\u043d\u0430\u043b\u044c\u043d\u044b\u0435 \u0437\u0430\u0434\u0430\u0447\u0438", "test_limit": 10, "sprint": [1, 6]}}, {"model": "bot_logic.contest", "pk": 4, "fields": {"number": 18360, "title": "\u0416\u0430\u0434\u043d\u044b\u0435 \u0430\u043b\u0433\u043e\u0440\u0438\u0442\u043c\u044b", "test_limit": 10, "sprint": [2, 7]}}, {"model": "bot_logic.contest", "pk": 5, "fields": {"number": 18359, "title": "\u0420\u0435\u043a\u0443\u0440\u0441\u0438\u044f", "test_limit": 10, "sprint": [2, 7]}}, {"model": "bot_logic.contest", "pk": 6, "fields": {"number": 18358, "title": "\u0421\u043f\u0440\u0438\u043d\u0442 13. \u0424\u0438\u043d\u0430\u043b\u044c\u043d\u044b\u0435 \u0437\u0430\u0434\u0430\u0447\u0438", "test_limit": 10, "sprint": [2, 7]}}, {"model": "bot_logic.contest", "pk": 7, "fields": {"number": 18899, "title": "\u0421\u043e\u0440\u0442\u0438\u0440\u043e\u0432\u043a\u0438", "test_limit": 10, "sprint": [3, 8]}}, {"model": "bot_logic.contest", "pk": 8, "fields": {"number": 18970, "title": "\u0421\u043f\u0440\u0438\u043d\u0442 14. \u0424\u0438\u043d\u0430\u043b\u044c\u043d\u044b\u0435 \u0437\u0430\u0434\u0430\u0447\u0438", "test_limit": 10, "sprint": [3, 8]}}, {"model": "bot_logic.contest", "pk": 9, "fields": {"number": 18996, "title": "\u0414\u0435\u0440\u0435\u0432\u044c\u044f", "test_limit": 10, "sprint": [4, 9]}}, {"model": "bot_logic.contest", "pk": 10, "fields": {"number": 19044, "title": "\u0421\u043f\u0440\u0438\u043d\u0442 15. \u0424\u0438\u043d\u0430\u043b\u044c\u043d\u044b\u0435 \u0437\u0430\u0434\u0430\u0447\u0438", "test_limit": 10, "sprint": [4, 9]}}, {"model": "bot_logic.contest", "pk": 11, "fields": {"number": 19095, "title": "\u0425\u0435\u0448-\u0444\u0443\u043d\u043a\u0446\u0438\u0438", "test_limit": 10, "sprint": [5, 10]}}, {"model": "bot_logic.contest", "pk": 12, "fields": {"number": 19096, "title": "\u0421\u043f\u0440\u0438\u043d\u0442 5. \u0424\u0438\u043d\u0430\u043b\u044c\u043d\u044b\u0435 \u0437\u0430\u0434\u0430\u0447\u0438", "test_limit": 10, "sprint": [10]}}, {"model": "bot_logic.contest", "pk": 13, "fields": {"number": 19097, "title": "\u0410\u043b\u0433\u043e\u0440\u0438\u0442\u043c\u044b \u043d\u0430 \u0441\u0442\u0440\u043e\u043a\u0430\u0445", "test_limit": 10, "sprint": [11]}}, {"model": "bot_logic.contest", "pk": 14, "fields": {"number": 19098, "title": "\u0421\u043f\u0440\u0438\u043d\u0442 6. \u0424\u0438\u043d\u0430\u043b\u044c\u043d\u044b\u0435 \u0437\u0430\u0434\u0430\u0447\u0438", "test_limit": 10, "sprint": [11]}}, {"model": "bot_logic.contest", "pk": 15, "fields": {"number": 19099, "title": "\u0413\u0440\u0430\u0444\u044b", "test_limit": 10, "sprint": [12]}}, {"model": "bot_logic.contest", "pk": 17, "fields": {"number": 19909, "title": "\u0414\u043b\u0438\u043d\u043d\u043e\u0435 \u043d\u0430\u0437\u0432\u0430\u043d\u0438\u0435 \u043a\u043e\u043d\u0442\u0435\u0441\u0442\u0430 \u0434\u043b\u044f \u043f\u0440\u043e\u0432\u0435\u0440\u043a\u0438 (\u0442\u0443\u0442 69 \u0441\u0438\u043c\u0432\u043e\u043b\u043e\u0432 -\u043c\u0430\u043a\u0441\u0438\u043c\u0443\u043c)", "test_limit": 3, "sprint": [13]}}, {"model": "bot_logic.problem", "pk": 1, "fields": {"contest": 1, "title": "A", "full_title": "\u0417\u043d\u0430\u0447\u0435\u043d\u0438\u044f \u0444\u0443\u043d\u043a\u0446\u0438\u0438", "test_limit": 3}}, {"model": "bot_logic.problem", "pk": 2, "fields": {"contest": 1, "title": "B", "full_title": "\u041b\u044e\u0431\u0438\u0442\u0435\u043b\u0438 \u043a\u043e\u043d\u0444\u0435\u0440\u0435\u043d\u0446\u0438\u0439", "test_limit": 3}}, {"model": "bot_logic.problem", "pk": 3, "fields": {"contest": 1, "title": "C", "full_title": "\u0421\u043f\u0438\u0441\u043e\u0447\u043d\u0430\u044f \u0444\u043e\u0440\u043c\u0430", "test_limit": 3}}, {"model": "bot_logic.problem", "pk": 4, "fields": {"contest": 2, "title": "\u0410", "full_title": "\u041a\u0440\u0443\u0436\u043a\u0438", "test_limit": 3}}, {"model": "bot_logic.problem", "pk": 5, "fields": {"contest": 2, "title": "\u0412", "full_title": "\u041c\u043e\u043d\u0438\u0442\u043e\u0440\u0438\u043d\u0433", "test_limit": 3}}, {"model": "bot_logic.problem", "pk": 6, "fields": {"contest": 2, "title": "\u0421", "full_title": "\u041f\u043e\u0434\u0441\u0442\u0440\u043e\u043a\u0438", "test_limit": 3}}, {"model": "bot_logic.problem", "pk": 7, "fields": {"contest": 3, "title": "\u0410", "full_title": "\u041a\u0430\u043b\u044c\u043a\u0443\u043b\u044f\u0442\u043e\u0440", "test_limit": 3}}, {"model": "bot_logic.problem", "pk": 8, "fields": {"contest": 3, "title": "\u0412", "full_title": "\u0426\u0438\u043a\u043b\u044b", "test_limit": 3}}, {"model": "bot_logic.problem", "pk": 9, "fields": {"contest": 4, "title": "\u0410", "full_title": "\u0420\u0430\u0441\u043f\u0438\u0441\u0430\u043d\u0438\u0435", "test_limit": 3}}, {"model": "bot_logic.problem", "pk": 10, "fields": {"contest": 4, "title": "\u0412", "full_title": "\u0411\u0438\u0440\u0436\u0430", "test_limit": 3}}, {"model": "bot_logic.problem", "pk": 11, "fields": {"contest": 4, "title": "\u0421", "full_title": "\u041f\u043e\u0434\u043f\u043e\u0441\u043b\u0435\u0434\u043e\u0432\u0430\u0442\u0435\u043b\u044c\u043d\u043e\u0441\u0442\u044c", "test_limit": 3}}, {"model": "bot_logic.problem", "pk": 12, "fields": {"contest": 5, "title": "\u0410", "full_title": "\u0420\u0435\u043a\u0443\u0440\u0441\u0438\u0432\u043d\u044b\u0435 \u0447\u0438\u0441\u043b\u0430 \u0424\u0438\u0431\u043e\u043d\u0430\u0447\u0447\u0438", "test_limit": 3}}, {"model": "bot_logic.problem", "pk": 13, "fields": {"contest": 5, "title": "\u0412", "full_title": "\u0424\u0438\u0431\u043e\u043d\u0430\u0447\u0447\u0438 \u0441 \u043f\u0430\u043c\u044f\u0442\u044c\u044e", "test_limit": 3}}, {"model": "bot_logic.problem", "pk": 14, "fields": {"contest": 5, "title": "\u0421", "full_title": "\u042d\u0444\u0444\u0435\u043a\u0442\u0438\u0432\u043d\u044b\u0435 \u0447\u0438\u0441\u043b\u0430 \u0424\u0438\u0431\u043e\u043d\u0430\u0447\u0447\u0438", "test_limit": 3}}, {"model": "bot_logic.problem", "pk": 15, "fields": {"contest": 6, "title": "\u0410", "full_title": "\u0424\u043e\u0442\u043e\u043a\u043e\u043f\u0438\u0438", "test_limit": 3}}, {"model": "bot_logic.problem", "pk": 16, "fields": {"contest": 6, "title": "\u0412", "full_title": "\u041f\u043e\u0438\u0441\u043a \u0432 \u0441\u043b\u043e\u043c\u0430\u043d\u043d\u043e\u043c \u043c\u0430\u0441\u0441\u0438\u0432\u0435", "test_limit": 3}}, {"model": "bot_logic.problem", "pk": 17, "fields": {"contest": 7, "title": "\u0410", "full_title": "\u041f\u0443\u0437\u044b\u0440\u0435\u043a", "test_limit": 3}}, {"model": "bot_logic.problem", "pk": 18, "fields": {"contest": 7, "title": "\u0412", "full_title": "\u0421\u043e\u0440\u0442\u0438\u0440\u043e\u0432\u043a\u0430 \u0432\u0441\u0442\u0430\u0432\u043a\u0430\u043c\u0438", "test_limit": 3}}, {"model": "bot_logic.problem", "pk": 19, "fields": {"contest": 7, "title": "\u0421", "full_title": "\u042d\u0444\u0444\u0435\u043a\u0442\u0438\u0432\u043d\u0430\u044f \u0431\u044b\u0441\u0442\u0440\u0430\u044f \u0441\u043e\u0440\u0442\u0438\u0440\u043e\u0432\u043a\u0430", "test_limit": 3}}, {"model": "bot_logic.problem", "pk": 20, "fields": {"contest": 8, "title": "\u0410", "full_title": "\u0411\u043e\u043b\u044c\u0448\u043e\u0435 \u0447\u0438\u0441\u043b\u043e", "test_limit": 3}}, {"model": "bot_logic.problem", "pk": 21, "fields": {"contest": 8, "title": "\u0412", "full_title": "Radix Sort", "test_limit": 3}}, {"model": "bot_logic.problem", "pk": 22, "fields": {"contest": 9, "title": "\u0410", "full_title": "\u0411\u0440\u0438\u043b\u043b\u0438\u0430\u043d\u0442\u044b", "test_limit": 3}}, {"model": "bot_logic.problem", "pk": 23, "fields": {"contest": 9, "title": "\u0412", "full_title": "\u0421\u0431\u0430\u043b\u0430\u043d\u0441\u0438\u0440\u043e\u0432\u0430\u043d\u043d\u043e\u0435 \u0434\u0435\u0440\u0435\u0432\u043e", "test_limit": 3}}, {"model": "bot_logic.problem", "pk": 24, "fields": {"contest": 9, "title": "\u0421", "full_title": "\u0413\u0435\u043d\u0435\u0430\u043b\u043e\u0433\u0438\u0447\u0435\u0441\u043a\u043e\u0435 \u0434\u0440\u0435\u0432\u043e", "test_limit": 3}}, {"model": "bot_logic.problem", "pk": 25, "fields": {"contest": 10, "title": "\u0410", "full_title": "\u041a\u043e\u043d\u0434\u0440\u0430\u0442\u0438\u0435\u0432\u0430 \u043f\u0438\u0440\u0430\u043c\u0438\u0434\u0430", "test_limit": 3}}, {"model": "bot_logic.problem", "pk": 26, "fields": {"contest": 11, "title": "\u0410", "full_title": "\u0421\u0447\u0430\u0441\u0442\u043b\u0438\u0432\u044b\u0439 \u0431\u0438\u043b\u0435\u0442", "test_limit": 3}}, {"model": "bot_logic.problem", "pk": 27, "fields": {"contest": 11, "title": "\u0412", "full_title": "\u041b\u0435\u0433\u043a\u0438\u0435 \u0447\u0438\u0441\u043b\u0430", "test_limit": 3}}, {"model": "bot_logic.problem", "pk": 28, "fields": {"contest": 11, "title": "\u0421", "full_title": "\u0410\u043d\u0430\u0433\u0440\u0430\u043c\u043c\u043d\u0430\u044f \u0433\u0440\u0443\u043f\u043f\u0438\u0440\u043e\u0432\u043a\u0430", "test_limit": 3}}, {"model": "bot_logic.test", "pk": 1, "fields": {"problem": 1, "number": 1, "input_file": "tests_files/input.txt", "output_file": "tests_files/output.txt"}}, {"model": "bot_logic.test", "pk": 2, "fields": {"problem": 1, "number": 2, "input_file": "tests_files/1.txt", "output_file": "tests_files/input_ZuoIDma.txt"}}, {"model": "bot_logic.test", "pk": 3, "fields": {"problem": 1, "number": 3, "input_file": "tests_files/input_svGOvjd.txt", "output_file": "tests_files/output_horKVHQ.txt"}}, {"model": "bot_logic.test", "pk": 4, "fields": {"problem": 1, "number": 4, "input_file": "tests_files/input_Xy8kTuz.txt", "output_file": "tests_files/output_NXAm9UX.txt"}}, {"model": "bot_logic.test", "pk": 5, "fields": {"problem": 2, "number": 1, "input_file": "tests_files/input_42yxrAj.txt", "output_file": "tests_files/output_HcUQmPu.txt"}}, {"model": "bot_logic.test", "pk": 6, "fields": {"problem": 2, "number": 2, "input_file": "tests_files/input_odQqKzn.txt", "output_file": "tests_files/output_eU6tKRJ.txt"}}, {"model": "bot_logic.test", "pk": 7, "fields": {"problem": 2, "number": 3, "input_file": "tests_files/input_SdIaJdM.txt", "output_file": "tests_files/output_pXvemmg.txt"}}, {"model": "bot_logic.test", "pk": 8, "fields": {"problem": 2, "number": 4, "input_file": "tests_files/input_iqZepay.txt", "output_file": "tests_files/output_UseuVpx.txt"}}, {"model": "bot_logic.test", "pk": 9, "fields": {"problem": 3, "number": 1, "input_file": "tests_files/input_0kIqvJr.txt", "output_file": "tests_files/output_qmDHKOq.txt"}}, {"model": "bot_logic.test", "pk": 10, "fields": {"problem": 3, "number": 2, "input_file": "tests_files/input_oOsgJxm.txt", "output_file": "tests_files/output_9gyY8rR.txt"}}, {"model": "bot_logic.test", "pk": 11, "fields": {"problem": 3, "number": 3, "input_file": "tests_files/input_stzMxuL.txt", "output_file": "tests_files/output_o6SYoKX.txt"}}, {"model": "bot_logic.test", "pk": 12, "fields": {"problem": 3, "number": 4, "input_file": "tests_files/input_IDxsol2.txt", "output_file": "tests_files/output_VoDHyP9.txt"}}, {"model": "bot_logic.test", "pk": 13, "fields": {"problem": 4, "number": 1, "input_file": "tests_files/input_mPT9xI8.txt", "output_file": "tests_files/output_EXaVpV1.txt"}}, {"model": "bot_logic.test", "pk": 14, "fields": {"problem": 4, "number": 2, "input_file": "tests_files/input_cpsllhV.txt", "output_file": "tests_files/output_j4mfD9c.txt"}}, {"model": "bot_logic.test", "pk": 15, "fields": {"problem": 4, "number": 3, "input_file": "tests_files/input_G1aJiYR.txt", "output_file": "tests_files/output_isBQQDv.txt"}}, {"model": "bot_logic.test", "pk": 16, "fields": {"problem": 4, "number": 4, "input_file": "tests_files/input_o8XUajl.txt", "output_file": "tests_files/output_svYDl04.txt"}}, {"model": "bot_logic.test", "pk": 17, "fields": {"problem": 5, "number": 1, "input_file": "tests_files/input_WM8LavS.txt", "output_file": "tests_files/output_tS0T0Th.txt"}}, {"model": "bot_logic.test", "pk": 18, "fields": {"problem": 5, "number": 2, "input_file": "tests_files/input_3UNfmNV.txt", "output_file": "tests_files/output_S1U5Z3l.txt"}}, {"model": "bot_logic.test", "pk": 19, "fields": {"problem": 5, "number": 3, "input_file": "tests_files/input_uZ8oo5E.txt", "output_file": "tests_files/output_VXXFeet.txt"}}, {"model": "bot_logic.test", "pk": 20, "fields": {"problem": 5, "number": 4, "input_file": "tests_files/input_FJgDi9t.txt", "output_file": "tests_files/output_kzXMYOy.txt"}}, {"model": "bot_logic.test", "pk": 21, "fields": {"problem": 6, "number": 1, "input_file": "tests_files/input_5MrYvP3.txt", "output_file": "tests_files/output_eTiCD1f.txt"}}, {"model": "bot_logic.test", "pk": 22, "fields": {"problem": 6, "number": 2, "input_file": "tests_files/input_rWoinOi.txt", "output_file": "tests_files/output_0zkcRjz.txt"}}, {"model": "bot_logic.test", "pk": 23, "fields": {"problem": 6, "number": 3, "input_file": "tests_files/input_cldDx2p.txt", "output_file": "tests_files/output_ovOYhbg.txt"}}, {"model": "bot_logic.test", "pk": 24, "fields": {"problem": 6, "number": 4, "input_file": "tests_files/input_N5CjdqH.txt", "output_file": "tests_files/output_0poGYzf.txt"}}, {"model": "bot_logic.test", "pk": 25, "fields": {"problem": 7, "number": 1, "input_file": "tests_files/input_qVHlsWF.txt", "output_file": "tests_files/output_UnUpGQ2.txt"}}, {"model": "bot_logic.test", "pk": 26, "fields": {"problem": 7, "number": 2, "input_file": "tests_files/input_CNISolh.txt", "output_file": "tests_files/output_38BBZyz.txt"}}, {"model": "bot_logic.test", "pk": 27, "fields": {"problem": 7, "number": 3, "input_file": "tests_files/input_bSqIexi.txt", "output_file": "tests_files/output_GhJ7Cyo.txt"}}, {"model": "bot_logic.test", "pk": 28, "fields": {"problem": 7, "number": 4, "input_file": "tests_files/input_raQkZJe.txt", "output_file": "tests_files/output_SOBGmqM.txt"}}, {"model": "bot_logic.test", "pk": 29, "fields": {"problem": 8, "number": 1, "input_file": "tests_files/input_9vNrGYH.txt", "output_file": "tests_files/output_XPkqtKg.txt"}}, {"model": "bot_logic.test", "pk": 30, "fields": {"problem": 8, "number": 2, "input_file": "tests_files/input_75UsJop.txt", "output_file": "tests_files/output_KXHdA2H.txt"}}, {"model": "bot_logic.test", "pk": 31, "fields": {"problem": 8, "number": 3, "input_file": "tests_files/input_aEZRCeN.txt", "output_file": "tests_files/output_3WDAcqF.txt"}}, {"model": "bot_logic.test", "pk": 32, "fields": {"problem": 8, "number": 4, "input_file": "tests_files/input_C8S3mQj.txt", "output_file": "tests_files/output_tmNTKDm.txt"}}, {"model": "bot_logic.hint", "pk": 1, "fields": {"problem": 1, "text": "\u041f\u043e\u0434\u0443\u043c\u043e\u0439!", "number": 3}}, {"model": "bot_logic.hint", "pk": 2, "fields": {"problem": 1, "text": "\u041f\u043e\u0434\u0443\u043c\u043e\u0439 \u0434\u0432\u0430\u0436\u0434\u044b!", "number": 2}}, {"model": "bot_logic.hint", "pk": 3, "fields": {"problem": 1, "text": "\u041f\u043e\u0434\u0443\u043c\u043e\u0439 \u0442\u0440\u0438\u0436\u0434\u044b!", "number": 1}}, {"model": "bot_logic.hint", "pk": 4, "fields": {"problem": 2, "text": "\u041f\u043e\u0434\u0443\u043c\u043e\u0439!", "number": 3}}, {"model": "bot_logic.hint", "pk": 5, "fields": {"problem": 2, "text": "\u041f\u043e\u0434\u0443\u043c\u043e\u0439 \u0434\u0432\u0430\u0436\u0434\u044b!", "number": 2}}, {"model": "bot_logic.hint", "pk": 6, "fields": {"problem": 2, "text": "\u041f\u043e\u0434\u0443\u043c\u043e\u0439 \u0442\u0440\u0438\u0436\u0434\u044b!", "number": 1}}, {"model": "bot_logic.hint", "pk": 7, "fields": {"problem": 3, "text": "Test", "number": 1}}, {"model": "bot_logic.hint", "pk": 8, "fields": {"problem": 3, "text": "Test 2", "number": 2}}, {"model": "bot_logic.hint", "pk": 9, "fields": {"problem": 3, "text": "Test 3", "number": 3}}, {"model": "bot_logic.hint", "pk": 10, "fields": {"problem": 4, "text": "test 1", "number": 1}}, {"model": "bot_logic.hint", "pk": 11, "fields": {"problem": 4, "text": "test 2", "number": 2}}, {"model": "bot_logic.hint", "pk": 12, "fields": {"problem": 4, "text": "test 3", "number": 3}}, {"model": "bot_logic.hint", "pk": 13, "fields": {"problem": 5, "text": "test 1", "number": 1}}, {"model": "bot_logic.hint", "pk": 14, "fields": {"problem": 5, "text": "test 2", "number": 2}}, {"model": "bot_logic.hint", "pk": 15, "fields": {"problem": 5, "text": "test 3", "number": 3}}, {"model": "bot_logic.hint", "pk": 16, "fields": {"problem": 6, "text": "test 1", "number": 1}}, {"model": "bot_logic.hint", "pk": 17, "fields": {"problem": 6, "text": "test 2", "number": 2}}, {"model": "bot_logic.hint", "pk": 18, "fields": {"problem": 6, "text": "test 3", "number": 3}}, {"model": "bot_logic.hint", "pk": 19, "fields": {"problem": 7, "text": "test 1", "number": 1}}, {"model": "bot_logic.hint", "pk": 20, "fields": {"problem": 7, "text": "test 2", "number": 2}}, {"model": "bot_logic.hint", "pk": 21, "fields": {"problem": 7, "text": "test 3", "number": 3}}, {"model": "bot_logic.hint", "pk": 23, "fields": {"problem": 8, "text": "test 1", "number": 1}}, {"model": "bot_logic.hint", "pk": 24, "fields": {"problem": 8, "text": "test 2", "number": 2}}, {"model": "bot_logic.hint", "pk": 25, "fields": {"problem": 8, "text": "test 3", "number": 3}}, {"model": "bot_logic.restriction", "pk": 8, "fields": {"user": 19, "problem": 1, "contest": 1, "request_counter": 3}}, {"model": "bot_logic.usertestpair", "pk": 1, "fields": {"user": 19, "test": 1, "timestamp": "2020-08-22T18:21:28.472Z"}}, {"model": "bot_logic.usertestpair", "pk": 2, "fields": {"user": 19, "test": 2, "timestamp": "2020-08-22T18:22:48.109Z"}}, {"model": "bot_logic.usertestpair", "pk": 3, "fields": {"user": 19, "test": 3, "timestamp": "2020-08-22T18:27:57.199Z"}}, {"model": "bot_logic.userhintpair", "pk": 5, "fields": {"user": 19, "hint": 3, "timestamp": "2020-08-22T18:31:15.233Z"}}, {"model": "auth.permission", "pk": 1, "fields": {"name": "Can add \u0424\u0430\u043a\u0443\u043b\u044c\u0442\u0435\u0442", "content_type": 1, "codename": "add_faculty"}}, {"model": "auth.permission", "pk": 2, "fields": {"name": "Can change \u0424\u0430\u043a\u0443\u043b\u044c\u0442\u0435\u0442", "content_type": 1, "codename": "change_faculty"}}, {"model": "auth.permission", "pk": 3, "fields": {"name": "Can delete \u0424\u0430\u043a\u0443\u043b\u044c\u0442\u0435\u0442", "content_type": 1, "codename": "delete_faculty"}}, {"model": "auth.permission", "pk": 4, "fields": {"name": "Can view \u0424\u0430\u043a\u0443\u043b\u044c\u0442\u0435\u0442", "content_type": 1, "codename": "view_faculty"}}, {"model": "auth.permission", "pk": 5, "fields": {"name": "Can add \u0421\u043f\u0435\u0446\u0438\u0430\u043b\u044c\u043d\u043e\u0441\u0442\u044c", "content_type": 2, "codename": "add_specialty"}}, {"model": "auth.permission", "pk": 6, "fields": {"name": "Can change \u0421\u043f\u0435\u0446\u0438\u0430\u043b\u044c\u043d\u043e\u0441\u0442\u044c", "content_type": 2, "codename": "change_specialty"}}, {"model": "auth.permission", "pk": 7, "fields": {"name": "Can delete \u0421\u043f\u0435\u0446\u0438\u0430\u043b\u044c\u043d\u043e\u0441\u0442\u044c", "content_type": 2, "codename": "delete_specialty"}}, {"model": "auth.permission", "pk": 8, "fields": {"name": "Can view \u0421\u043f\u0435\u0446\u0438\u0430\u043b\u044c\u043d\u043e\u0441\u0442\u044c", "content_type": 2, "codename": "view_specialty"}}, {"model": "auth.permission", "pk": 9, "fields": {"name": "Can add \u0421\u0442\u0443\u0434\u0435\u043d\u0442", "content_type": 3, "codename": "add_student"}}, {"model": "auth.permission", "pk": 10, "fields": {"name": "Can change \u0421\u0442\u0443\u0434\u0435\u043d\u0442", "content_type": 3, "codename": "change_student"}}, {"model": "auth.permission", "pk": 11, "fields": {"name": "Can delete \u0421\u0442\u0443\u0434\u0435\u043d\u0442", "content_type": 3, "codename": "delete_student"}}, {"model": "auth.permission", "pk": 12, "fields": {"name": "Can view \u0421\u0442\u0443\u0434\u0435\u043d\u0442", "content_type": 3, "codename": "view_student"}}, {"model": "auth.permission", "pk": 13, "fields": {"name": "Can add \u0421\u043f\u0440\u0438\u043d\u0442", "content_type": 4, "codename": "add_sprint"}}, {"model": "auth.permission", "pk": 14, "fields": {"name": "Can change \u0421\u043f\u0440\u0438\u043d\u0442", "content_type": 4, "codename": "change_sprint"}}, {"model": "auth.permission", "pk": 15, "fields": {"name": "Can delete \u0421\u043f\u0440\u0438\u043d\u0442", "content_type": 4, "codename": "delete_sprint"}}, {"model": "auth.permission", "pk": 16, "fields": {"name": "Can view \u0421\u043f\u0440\u0438\u043d\u0442", "content_type": 4, "codename": "view_sprint"}}, {"model": "auth.permission", "pk": 17, "fields": {"name": "Can add \u041a\u043e\u043d\u0442\u0435\u0441\u0442", "content_type": 5, "codename": "add_contest"}}, {"model": "auth.permission", "pk": 18, "fields": {"name": "Can change \u041a\u043e\u043d\u0442\u0435\u0441\u0442", "content_type": 5, "codename": "change_contest"}}, {"model": "auth.permission", "pk": 19, "fields": {"name": "Can delete \u041a\u043e\u043d\u0442\u0435\u0441\u0442", "content_type": 5, "codename": "delete_contest"}}, {"model": "auth.permission", "pk": 20, "fields": {"name": "Can view \u041a\u043e\u043d\u0442\u0435\u0441\u0442", "content_type": 5, "codename": "view_contest"}}, {"model": "auth.permission", "pk": 21, "fields": {"name": "Can add \u0417\u0430\u0434\u0430\u0447\u0430", "content_type": 6, "codename": "add_problem"}}, {"model": "auth.permission", "pk": 22, "fields": {"name": "Can change \u0417\u0430\u0434\u0430\u0447\u0430", "content_type": 6, "codename": "change_problem"}}, {"model": "auth.permission", "pk": 23, "fields": {"name": "Can delete \u0417\u0430\u0434\u0430\u0447\u0430", "content_type": 6, "codename": "delete_problem"}}, {"model": "auth.permission", "pk": 24, "fields": {"name": "Can view \u0417\u0430\u0434\u0430\u0447\u0430", "content_type": 6, "codename": "view_problem"}}, {"model": "auth.permission", "pk": 25, "fields": {"name": "Can add \u0422\u0435\u0441\u0442", "content_type": 7, "codename": "add_test"}}, {"model": "auth.permission", "pk": 26, "fields": {"name": "Can change \u0422\u0435\u0441\u0442", "content_type": 7, "codename": "change_test"}}, {"model": "auth.permission", "pk": 27, "fields": {"name": "Can delete \u0422\u0435\u0441\u0442", "content_type": 7, "codename": "delete_test"}}, {"model": "auth.permission", "pk": 28, "fields": {"name": "Can view \u0422\u0435\u0441\u0442", "content_type": 7, "codename": "view_test"}}, {"model": "auth.permission", "pk": 29, "fields": {"name": "Can add \u041f\u043e\u0434\u0441\u043a\u0430\u0437\u043a\u0430", "content_type": 8, "codename": "add_hint"}}, {"model": "auth.permission", "pk": 30, "fields": {"name": "Can change \u041f\u043e\u0434\u0441\u043a\u0430\u0437\u043a\u0430", "content_type": 8, "codename": "change_hint"}}, {"model": "auth.permission", "pk": 31, "fields": {"name": "Can delete \u041f\u043e\u0434\u0441\u043a\u0430\u0437\u043a\u0430", "content_type": 8, "codename": "delete_hint"}}, {"model": "auth.permission", "pk": 32, "fields": {"name": "Can view \u041f\u043e\u0434\u0441\u043a\u0430\u0437\u043a\u0430", "content_type": 8, "codename": "view_hint"}}, {"model": "auth.permission", "pk": 33, "fields": {"name": "Can add \u041e\u0433\u0440\u0430\u043d\u0438\u0447\u0435\u043d\u0438\u0435", "content_type": 9, "codename": "add_restriction"}}, {"model": "auth.permission", "pk": 34, "fields": {"name": "Can change \u041e\u0433\u0440\u0430\u043d\u0438\u0447\u0435\u043d\u0438\u0435", "content_type": 9, "codename": "change_restriction"}}, {"model": "auth.permission", "pk": 35, "fields": {"name": "Can delete \u041e\u0433\u0440\u0430\u043d\u0438\u0447\u0435\u043d\u0438\u0435", "content_type": 9, "codename": "delete_restriction"}}, {"model": "auth.permission", "pk": 36, "fields": {"name": "Can view \u041e\u0433\u0440\u0430\u043d\u0438\u0447\u0435\u043d\u0438\u0435", "content_type": 9, "codename": "view_restriction"}}, {"model": "auth.permission", "pk": 37, "fields": {"name": "Can add \u0417\u0430\u043f\u0440\u043e\u0448\u0435\u043d\u043d\u044b\u0439 \u0441\u0442\u0443\u0434\u0435\u043d\u0442\u043e\u043c \u0442\u0435\u0441\u0442", "content_type": 10, "codename": "add_usertestpair"}}, {"model": "auth.permission", "pk": 38, "fields": {"name": "Can change \u0417\u0430\u043f\u0440\u043e\u0448\u0435\u043d\u043d\u044b\u0439 \u0441\u0442\u0443\u0434\u0435\u043d\u0442\u043e\u043c \u0442\u0435\u0441\u0442", "content_type": 10, "codename": "change_usertestpair"}}, {"model": "auth.permission", "pk": 39, "fields": {"name": "Can delete \u0417\u0430\u043f\u0440\u043e\u0448\u0435\u043d\u043d\u044b\u0439 \u0441\u0442\u0443\u0434\u0435\u043d\u0442\u043e\u043c \u0442\u0435\u0441\u0442", "content_type": 10, "codename": "delete_usertestpair"}}, {"model": "auth.permission", "pk": 40, "fields": {"name": "Can view \u0417\u0430\u043f\u0440\u043e\u0448\u0435\u043d\u043d\u044b\u0439 \u0441\u0442\u0443\u0434\u0435\u043d\u0442\u043e\u043c \u0442\u0435\u0441\u0442", "content_type": 10, "codename": "view_usertestpair"}}, {"model": "auth.permission", "pk": 41, "fields": {"name": "Can add log entry", "content_type": 11, "codename": "add_logentry"}}, {"model": "auth.permission", "pk": 42, "fields": {"name": "Can change log entry", "content_type": 11, "codename": "change_logentry"}}, {"model": "auth.permission", "pk": 43, "fields": {"name": "Can delete log entry", "content_type": 11, "codename": "delete_logentry"}}, {"model": "auth.permission", "pk": 44, "fields": {"name": "Can view log entry", "content_type": 11, "codename": "view_logentry"}}, {"model": "auth.permission", "pk": 45, "fields": {"name": "Can add permission", "content_type": 12, "codename": "add_permission"}}, {"model": "auth.permission", "pk": 46, "fields": {"name": "Can change permission", "content_type": 12, "codename": "change_permission"}}, {"model": "auth.permission", "pk": 47, "fields": {"name": "Can delete permission", "content_type": 12, "codename": "delete_permission"}}, {"model": "auth.permission", "pk": 48, "fields": {"name": "Can view permission", "content_type": 12, "codename": "view_permission"}}, {"model": "auth.permission", "pk": 49, "fields": {"name": "Can add group", "content_type": 13, "codename": "add_group"}}, {"model": "auth.permission", "pk": 50, "fields": {"name": "Can change group", "content_type": 13, "codename": "change_group"}}, {"model": "auth.permission", "pk": 51, "fields": {"name": "Can delete group", "content_type": 13, "codename": "delete_group"}}, {"model": "auth.permission", "pk": 52, "fields": {"name": "Can view group", "content_type": 13, "codename": "view_group"}}, {"model": "auth.permission", "pk": 53, "fields": {"name": "Can add user", "content_type": 14, "codename": "add_user"}}, {"model": "auth.permission", "pk": 54, "fields": {"name": "Can change user", "content_type": 14, "codename": "change_user"}}, {"model": "auth.permission", "pk": 55, "fields": {"name": "Can delete user", "content_type": 14, "codename": "delete_user"}}, {"model": "auth.permission", "pk": 56, "fields": {"name": "Can view user", "content_type": 14, "codename": "view_user"}}, {"model": "auth.permission", "pk": 57, "fields": {"name": "Can add content type", "content_type": 15, "codename": "add_contenttype"}}, {"model": "auth.permission", "pk": 58, "fields": {"name": "Can change content type", "content_type": 15, "codename": "change_contenttype"}}, {"model": "auth.permission", "pk": 59, "fields": {"name": "Can delete content type", "content_type": 15, "codename": "delete_contenttype"}}, {"model": "auth.permission", "pk": 60, "fields": {"name": "Can view content type", "content_type": 15, "codename": "view_contenttype"}}, {"model": "auth.permission", "pk": 61, "fields": {"name": "Can add session", "content_type": 16, "codename": "add_session"}}, {"model": "auth.permission", "pk": 62, "fields": {"name": "Can change session", "content_type": 16, "codename": "change_session"}}, {"model": "auth.permission", "pk": 63, "fields": {"name": "Can delete session", "content_type": 16, "codename": "delete_session"}}, {"model": "auth.permission", "pk": 64, "fields": {"name": "Can view session", "content_type": 16, "codename": "view_session"}}, {"model": "auth.permission", "pk": 65, "fields": {"name": "Can add \u0417\u0430\u043f\u0440\u043e\u0448\u0435\u043d\u043d\u0430\u044f \u0441\u0442\u0443\u0434\u0435\u043d\u0442\u043e\u043c \u043f\u043e\u0434\u0441\u043a\u0430\u0437\u043a\u0430", "content_type": 17, "codename": "add_userhintpair"}}, {"model": "auth.permission", "pk": 66, "fields": {"name": "Can change \u0417\u0430\u043f\u0440\u043e\u0448\u0435\u043d\u043d\u0430\u044f \u0441\u0442\u0443\u0434\u0435\u043d\u0442\u043e\u043c \u043f\u043e\u0434\u0441\u043a\u0430\u0437\u043a\u0430", "content_type": 17, "codename": "change_userhintpair"}}, {"model": "auth.permission", "pk": 67, "fields": {"name": "Can delete \u0417\u0430\u043f\u0440\u043e\u0448\u0435\u043d\u043d\u0430\u044f \u0441\u0442\u0443\u0434\u0435\u043d\u0442\u043e\u043c \u043f\u043e\u0434\u0441\u043a\u0430\u0437\u043a\u0430", "content_type": 17, "codename": "delete_userhintpair"}}, {"model": "auth.permission", "pk": 68, "fields": {"name": "Can view \u0417\u0430\u043f\u0440\u043e\u0448\u0435\u043d\u043d\u0430\u044f \u0441\u0442\u0443\u0434\u0435\u043d\u0442\u043e\u043c \u043f\u043e\u0434\u0441\u043a\u0430\u0437\u043a\u0430", "content_type": 17, "codename": "view_userhintpair"}}, {"model": "auth.permission", "pk": 69, "fields": {"name": "Can add \u0417\u0430\u0434\u0430\u0447\u0430", "content_type": 18, "codename": "add_responsetasks"}}, {"model": "auth.permission", "pk": 70, "fields": {"name": "Can change \u0417\u0430\u0434\u0430\u0447\u0430", "content_type": 18, "codename": "change_responsetasks"}}, {"model": "auth.permission", "pk": 71, "fields": {"name": "Can delete \u0417\u0430\u0434\u0430\u0447\u0430", "content_type": 18, "codename": "delete_responsetasks"}}, {"model": "auth.permission", "pk": 72, "fields": {"name": "Can view \u0417\u0430\u0434\u0430\u0447\u0430", "content_type": 18, "codename": "view_responsetasks"}}, {"model": "auth.user", "pk": 1, "fields": {"password": "pbkdf2_sha256$180000$vHKDGE5WEDb2$+dci/oQc7hu0GX3vO4xyVbN5xBF9NA6T5nnYuxi3HS4=", "last_login": null, "is_superuser": true, "username": "\u0444\u0434algobot", "first_name": "", "last_name": "", "email": "ww@ww.ww", "is_staff": true, "is_active": true, "date_joined": "2020-08-13T11:22:29.904Z", "groups": [], "user_permissions": []}}, {"model": "auth.user", "pk": 2, "fields": {"password": "pbkdf2_sha256$180000$W9d3ZAZXpPko$H2Me7zm7w9F8+gRfv3Sa05XORD7/sst5NWK1LvtoGPE=", "last_login": "2020-08-22T17:59:01.665Z", "is_superuser": true, "username": "bot", "first_name": "", "last_name": "", "email": "gg@jj.ff", "is_staff": true, "is_active": true, "date_joined": "2020-08-13T11:24:25.453Z", "groups": [], "user_permissions": []}}, {"model": "sessions.session", "pk": "09d7c7cnfam4aghlrv7d38u9xmp2u0ln", "fields": {"session_data": "NzY3NTM1NjgyZjY0YmJmNDI4MzUzYTVhYmI4NDQ2YTNjMjdiNWJmODp7Il9hdXRoX3VzZXJfaWQiOiIyIiwiX2F1dGhfdXNlcl9iYWNrZW5kIjoiZGphbmdvLmNvbnRyaWIuYXV0aC5iYWNrZW5kcy5Nb2RlbEJhY2tlbmQiLCJfYXV0aF91c2VyX2hhc2giOiIzNDI4MTVmZTZmZThmMjY5MGRmYzBmMDFiZjQzOTg2ZDJiZTg1YWI2In0=", "expire_date": "2020-09-05T16:47:43.481Z"}}, {"model": "sessions.session", "pk": "8h2oeayfhsatdnxyuecw8fy38fpwa1pb", "fields": {"session_data": "NzY3NTM1NjgyZjY0YmJmNDI4MzUzYTVhYmI4NDQ2YTNjMjdiNWJmODp7Il9hdXRoX3VzZXJfaWQiOiIyIiwiX2F1dGhfdXNlcl9iYWNrZW5kIjoiZGphbmdvLmNvbnRyaWIuYXV0aC5iYWNrZW5kcy5Nb2RlbEJhY2tlbmQiLCJfYXV0aF91c2VyX2hhc2giOiIzNDI4MTVmZTZmZThmMjY5MGRmYzBmMDFiZjQzOTg2ZDJiZTg1YWI2In0=", "expire_date": "2020-08-27T11:30:32.993Z"}}, {"model": "sessions.session", "pk": "cjy18t16omm10ssy6lebm231wrrs40d5", "fields": {"session_data": "NzY3NTM1NjgyZjY0YmJmNDI4MzUzYTVhYmI4NDQ2YTNjMjdiNWJmODp7Il9hdXRoX3VzZXJfaWQiOiIyIiwiX2F1dGhfdXNlcl9iYWNrZW5kIjoiZGphbmdvLmNvbnRyaWIuYXV0aC5iYWNrZW5kcy5Nb2RlbEJhY2tlbmQiLCJfYXV0aF91c2VyX2hhc2giOiIzNDI4MTVmZTZmZThmMjY5MGRmYzBmMDFiZjQzOTg2ZDJiZTg1YWI2In0=", "expire_date": "2020-09-01T13:39:01.321Z"}}, {"model": "sessions.session", "pk": "dqnzif9tznlyhvojp65gvl5ggpsjr2sy", "fields": {"session_data": "NzY3NTM1NjgyZjY0YmJmNDI4MzUzYTVhYmI4NDQ2YTNjMjdiNWJmODp7Il9hdXRoX3VzZXJfaWQiOiIyIiwiX2F1dGhfdXNlcl9iYWNrZW5kIjoiZGphbmdvLmNvbnRyaWIuYXV0aC5iYWNrZW5kcy5Nb2RlbEJhY2tlbmQiLCJfYXV0aF91c2VyX2hhc2giOiIzNDI4MTVmZTZmZThmMjY5MGRmYzBmMDFiZjQzOTg2ZDJiZTg1YWI2In0=", "expire_date": "2020-08-28T17:46:09.861Z"}}, {"model": "sessions.session", "pk": "gad5le0awsp2psrnoi77cbv8q5kg25mm", "fields": {"session_data": "NzY3NTM1NjgyZjY0YmJmNDI4MzUzYTVhYmI4NDQ2YTNjMjdiNWJmODp7Il9hdXRoX3VzZXJfaWQiOiIyIiwiX2F1dGhfdXNlcl9iYWNrZW5kIjoiZGphbmdvLmNvbnRyaWIuYXV0aC5iYWNrZW5kcy5Nb2RlbEJhY2tlbmQiLCJfYXV0aF91c2VyX2hhc2giOiIzNDI4MTVmZTZmZThmMjY5MGRmYzBmMDFiZjQzOTg2ZDJiZTg1YWI2In0=", "expire_date": "2020-09-02T04:39:27.468Z"}}, {"model": "sessions.session", "pk": "gxy7rh2mn56ylrev90boah6d1nt5as5k", "fields": {"session_data": "NzY3NTM1NjgyZjY0YmJmNDI4MzUzYTVhYmI4NDQ2YTNjMjdiNWJmODp7Il9hdXRoX3VzZXJfaWQiOiIyIiwiX2F1dGhfdXNlcl9iYWNrZW5kIjoiZGphbmdvLmNvbnRyaWIuYXV0aC5iYWNrZW5kcy5Nb2RlbEJhY2tlbmQiLCJfYXV0aF91c2VyX2hhc2giOiIzNDI4MTVmZTZmZThmMjY5MGRmYzBmMDFiZjQzOTg2ZDJiZTg1YWI2In0=", "expire_date": "2020-08-27T11:24:38.358Z"}}, {"model": "sessions.session", "pk": "l9t0x5gfla6gqhzgvgstdaf7s3x637r2", "fields": {"session_data": "NzY3NTM1NjgyZjY0YmJmNDI4MzUzYTVhYmI4NDQ2YTNjMjdiNWJmODp7Il9hdXRoX3VzZXJfaWQiOiIyIiwiX2F1dGhfdXNlcl9iYWNrZW5kIjoiZGphbmdvLmNvbnRyaWIuYXV0aC5iYWNrZW5kcy5Nb2RlbEJhY2tlbmQiLCJfYXV0aF91c2VyX2hhc2giOiIzNDI4MTVmZTZmZThmMjY5MGRmYzBmMDFiZjQzOTg2ZDJiZTg1YWI2In0=", "expire_date": "2020-08-31T11:40:53.841Z"}}, {"model": "sessions.session", "pk": "tpuwus9hwapngjot44zqumfyk3w0g68j", "fields": {"session_data": "NzY3NTM1NjgyZjY0YmJmNDI4MzUzYTVhYmI4NDQ2YTNjMjdiNWJmODp7Il9hdXRoX3VzZXJfaWQiOiIyIiwiX2F1dGhfdXNlcl9iYWNrZW5kIjoiZGphbmdvLmNvbnRyaWIuYXV0aC5iYWNrZW5kcy5Nb2RlbEJhY2tlbmQiLCJfYXV0aF91c2VyX2hhc2giOiIzNDI4MTVmZTZmZThmMjY5MGRmYzBmMDFiZjQzOTg2ZDJiZTg1YWI2In0=", "expire_date": "2020-09-05T17:59:01.690Z"}}, {"model": "admin.logentry", "pk": 1, "fields": {"action_time": "2020-08-13T11:30:50.824Z", "user": 2, "content_type": 1, "object_id": "1", "object_repr": "Backend", "action_flag": 1, "change_message": "[{\"added\": {}}]"}}, {"model": "admin.logentry", "pk": 2, "fields": {"action_time": "2020-08-13T11:31:14.721Z", "user": 2, "content_type": 2, "object_id": "1", "object_repr": "Python \u0440\u0430\u0437\u0440\u0430\u0431\u043e\u0442\u0447\u0438\u043a", "action_flag": 1, "change_message": "[{\"added\": {}}]"}}, {"model": "admin.logentry", "pk": 3, "fields": {"action_time": "2020-08-13T11:38:18.305Z", "user": 2, "content_type": 4, "object_id": "1", "object_repr": "12. \u0410\u043b\u0433\u043e\u0440\u0438\u0442\u043c\u044b. \u041f\u043e\u043d\u044f\u0442\u0438\u0435 \u0441\u043b\u043e\u0436\u043d\u043e\u0441\u0442\u0438 \u0430\u043b\u0433\u043e\u0440\u0438\u0442\u043c\u0430. \u041e\u0441\u043d\u043e\u0432\u043d\u044b\u0435 \u0441\u0442\u0440\u0443\u043a\u0442\u0443\u0440\u044b \u0434\u0430\u043d\u043d\u044b\u0445.", "action_flag": 1, "change_message": "[{\"added\": {}}]"}}, {"model": "admin.logentry", "pk": 4, "fields": {"action_time": "2020-08-13T11:38:59.281Z", "user": 2, "content_type": 4, "object_id": "2", "object_repr": "13. \u0416\u0430\u0434\u043d\u044b\u0435 \u0430\u043b\u0433\u043e\u0440\u0438\u0442\u043c\u044b. \u0420\u0435\u043a\u0443\u0440\u0441\u0438\u044f.", "action_flag": 1, "change_message": "[{\"added\": {}}]"}}, {"model": "admin.logentry", "pk": 5, "fields": {"action_time": "2020-08-13T11:39:13.456Z", "user": 2, "content_type": 4, "object_id": "3", "object_repr": "14. \u0421\u043e\u0440\u0442\u0438\u0440\u043e\u0432\u043a\u0438", "action_flag": 1, "change_message": "[{\"added\": {}}]"}}, {"model": "admin.logentry", "pk": 6, "fields": {"action_time": "2020-08-13T11:39:28.837Z", "user": 2, "content_type": 4, "object_id": "4", "object_repr": "15. \u0414\u0435\u0440\u0435\u0432\u044c\u044f", "action_flag": 1, "change_message": "[{\"added\": {}}]"}}, {"model": "admin.logentry", "pk": 7, "fields": {"action_time": "2020-08-13T11:39:46.976Z", "user": 2, "content_type": 4, "object_id": "5", "object_repr": "16. \u0425\u044d\u0448-\u0444\u0443\u043d\u043a\u0446\u0438\u0438", "action_flag": 1, "change_message": "[{\"added\": {}}]"}}, {"model": "admin.logentry", "pk": 8, "fields": {"action_time": "2020-08-13T11:44:56.741Z", "user": 2, "content_type": 5, "object_id": "1", "object_repr": "18338. \u0422\u0438\u043f\u0438\u0447\u043d\u044b\u0435 \u0437\u0430\u0434\u0430\u0447\u0438 \u0441 \u0441\u043e\u0431\u0435\u0441\u0435\u0434\u043e\u0432\u0430\u043d\u0438\u0439", "action_flag": 1, "change_message": "[{\"added\": {}}]"}}, {"model": "admin.logentry", "pk": 9, "fields": {"action_time": "2020-08-13T11:45:36.613Z", "user": 2, "content_type": 5, "object_id": "2", "object_repr": "18337. \u0411\u0430\u0437\u043e\u0432\u044b\u0435 \u0441\u0442\u0440\u0443\u043a\u0442\u0443\u0440\u044b \u0434\u0430\u043d\u043d\u044b\u0445", "action_flag": 1, "change_message": "[{\"added\": {}}]"}}, {"model": "admin.logentry", "pk": 10, "fields": {"action_time": "2020-08-13T11:46:05.421Z", "user": 2, "content_type": 5, "object_id": "3", "object_repr": "18357. \u0424\u0438\u043d\u0430\u043b\u044c\u043d\u044b\u0435 \u0437\u0430\u0434\u0430\u0447\u0438", "action_flag": 1, "change_message": "[{\"added\": {}}]"}}, {"model": "admin.logentry", "pk": 11, "fields": {"action_time": "2020-08-13T11:46:18.581Z", "user": 2, "content_type": 5, "object_id": "3", "object_repr": "18357. \u0421\u043f\u0440\u0438\u043d\u0442 12. \u0424\u0438\u043d\u0430\u043b\u044c\u043d\u044b\u0435 \u0437\u0430\u0434\u0430\u0447\u0438", "action_flag": 2, "change_message": "[{\"changed\": {\"fields\": [\"\\u041d\\u0430\\u0437\\u0432\\u0430\\u043d\\u0438\\u0435 \\u043a\\u043e\\u043d\\u0442\\u0435\\u0441\\u0442\\u0430\"]}}]"}}, {"model": "admin.logentry", "pk": 12, "fields": {"action_time": "2020-08-13T11:46:54.632Z", "user": 2, "content_type": 5, "object_id": "4", "object_repr": "18360. \u0416\u0430\u0434\u043d\u044b\u0435 \u0430\u043b\u0433\u043e\u0440\u0438\u0442\u043c\u044b", "action_flag": 1, "change_message": "[{\"added\": {}}]"}}, {"model": "admin.logentry", "pk": 13, "fields": {"action_time": "2020-08-13T11:47:28.089Z", "user": 2, "content_type": 5, "object_id": "5", "object_repr": "18359. \u0420\u0435\u043a\u0443\u0440\u0441\u0438\u044f", "action_flag": 1, "change_message": "[{\"added\": {}}]"}}, {"model": "admin.logentry", "pk": 14, "fields": {"action_time": "2020-08-13T11:48:09.668Z", "user": 2, "content_type": 5, "object_id": "6", "object_repr": "18358. \u0421\u043f\u0440\u0438\u043d\u0442 13. \u0424\u0438\u043d\u0430\u043b\u044c\u043d\u044b\u0435 \u0437\u0430\u0434\u0430\u0447\u0438", "action_flag": 1, "change_message": "[{\"added\": {}}]"}}, {"model": "admin.logentry", "pk": 15, "fields": {"action_time": "2020-08-13T11:48:56.416Z", "user": 2, "content_type": 5, "object_id": "7", "object_repr": "18899. \u0421\u043e\u0440\u0442\u0438\u0440\u043e\u0432\u043a\u0438", "action_flag": 1, "change_message": "[{\"added\": {}}]"}}, {"model": "admin.logentry", "pk": 16, "fields": {"action_time": "2020-08-13T11:49:35.716Z", "user": 2, "content_type": 5, "object_id": "8", "object_repr": "18970. \u0421\u043f\u0440\u0438\u043d\u0442 14. \u0424\u0438\u043d\u0430\u043b\u044c\u043d\u044b\u0435 \u0437\u0430\u0434\u0430\u0447\u0438", "action_flag": 1, "change_message": "[{\"added\": {}}]"}}, {"model": "admin.logentry", "pk": 17, "fields": {"action_time": "2020-08-13T11:50:06.897Z", "user": 2, "content_type": 5, "object_id": "9", "object_repr": "18996. \u0414\u0435\u0440\u0435\u0432\u044c\u044f", "action_flag": 1, "change_message": "[{\"added\": {}}]"}}, {"model": "admin.logentry", "pk": 18, "fields": {"action_time": "2020-08-13T11:51:09.804Z", "user": 2, "content_type": 5, "object_id": "10", "object_repr": "19044. \u0421\u043f\u0440\u0438\u043d\u0442 15. \u0424\u0438\u043d\u0430\u043b\u044c\u043d\u044b\u0435 \u0437\u0430\u0434\u0430\u0447\u0438", "action_flag": 1, "change_message": "[{\"added\": {}}]"}}, {"model": "admin.logentry", "pk": 19, "fields": {"action_time": "2020-08-13T11:51:14.942Z", "user": 2, "content_type": 5, "object_id": "10", "object_repr": "19044. \u0421\u043f\u0440\u0438\u043d\u0442 15. \u0424\u0438\u043d\u0430\u043b\u044c\u043d\u044b\u0435 \u0437\u0430\u0434\u0430\u0447\u0438", "action_flag": 2, "change_message": "[{\"changed\": {\"fields\": [\"\\u0421\\u043f\\u0440\\u0438\\u043d\\u0442\"]}}]"}}, {"model": "admin.logentry", "pk": 20, "fields": {"action_time": "2020-08-13T11:51:52.712Z", "user": 2, "content_type": 5, "object_id": "11", "object_repr": "19095. \u0425\u0435\u0448-\u0444\u0443\u043d\u043a\u0446\u0438\u0438", "action_flag": 1, "change_message": "[{\"added\": {}}]"}}, {"model": "admin.logentry", "pk": 21, "fields": {"action_time": "2020-08-13T11:52:28.316Z", "user": 2, "content_type": 4, "object_id": "5", "object_repr": "16. \u0425\u0435\u0448-\u0444\u0443\u043d\u043a\u0446\u0438\u0438", "action_flag": 2, "change_message": "[{\"changed\": {\"fields\": [\"\\u041d\\u0430\\u0437\\u0432\\u0430\\u043d\\u0438\\u0435 \\u0441\\u043f\\u0440\\u0438\\u043d\\u0442\\u0430\"]}}]"}}, {"model": "admin.logentry", "pk": 22, "fields": {"action_time": "2020-08-13T11:53:24.104Z", "user": 2, "content_type": 6, "object_id": "1", "object_repr": "12. \u0410\u043b\u0433\u043e\u0440\u0438\u0442\u043c\u044b. \u041f\u043e\u043d\u044f\u0442\u0438\u0435 \u0441\u043b\u043e\u0436\u043d\u043e\u0441\u0442\u0438 \u0430\u043b\u0433\u043e\u0440\u0438\u0442\u043c\u0430. \u041e\u0441\u043d\u043e\u0432\u043d\u044b\u0435 \u0441\u0442\u0440\u0443\u043a\u0442\u0443\u0440\u044b \u0434\u0430\u043d\u043d\u044b\u0445.18338. \u0422\u0438\u043f\u0438\u0447\u043d\u044b\u0435 \u0437\u0430\u0434\u0430\u0447\u0438 \u0441 \u0441\u043e\u0431\u0435\u0441\u0435\u0434\u043e\u0432\u0430\u043d\u0438\u0439 \u0410. \u0417\u043d\u0430\u0447\u0435\u043d\u0438\u044f \u0444\u0443\u043d\u043a\u0446\u0438\u0438", "action_flag": 1, "change_message": "[{\"added\": {}}]"}}, {"model": "admin.logentry", "pk": 23, "fields": {"action_time": "2020-08-13T11:53:44.765Z", "user": 2, "content_type": 6, "object_id": "2", "object_repr": "12. \u0410\u043b\u0433\u043e\u0440\u0438\u0442\u043c\u044b. \u041f\u043e\u043d\u044f\u0442\u0438\u0435 \u0441\u043b\u043e\u0436\u043d\u043e\u0441\u0442\u0438 \u0430\u043b\u0433\u043e\u0440\u0438\u0442\u043c\u0430. \u041e\u0441\u043d\u043e\u0432\u043d\u044b\u0435 \u0441\u0442\u0440\u0443\u043a\u0442\u0443\u0440\u044b \u0434\u0430\u043d\u043d\u044b\u0445.18338. \u0422\u0438\u043f\u0438\u0447\u043d\u044b\u0435 \u0437\u0430\u0434\u0430\u0447\u0438 \u0441 \u0441\u043e\u0431\u0435\u0441\u0435\u0434\u043e\u0432\u0430\u043d\u0438\u0439 \u0412. \u041b\u044e\u0431\u0438\u0442\u0435\u043b\u0438 \u043a\u043e\u043d\u0444\u0435\u0440\u0435\u043d\u0446\u0438\u0439", "action_flag": 1, "change_message": "[{\"added\": {}}]"}}, {"model": "admin.logentry", "pk": 24, "fields": {"action_time": "2020-08-13T11:53:57.384Z", "user": 2, "content_type": 6, "object_id": "3", "object_repr": "12. \u0410\u043b\u0433\u043e\u0440\u0438\u0442\u043c\u044b. \u041f\u043e\u043d\u044f\u0442\u0438\u0435 \u0441\u043b\u043e\u0436\u043d\u043e\u0441\u0442\u0438 \u0430\u043b\u0433\u043e\u0440\u0438\u0442\u043c\u0430. \u041e\u0441\u043d\u043e\u0432\u043d\u044b\u0435 \u0441\u0442\u0440\u0443\u043a\u0442\u0443\u0440\u044b \u0434\u0430\u043d\u043d\u044b\u0445.18338. \u0422\u0438\u043f\u0438\u0447\u043d\u044b\u0435 \u0437\u0430\u0434\u0430\u0447\u0438 \u0441 \u0441\u043e\u0431\u0435\u0441\u0435\u0434\u043e\u0432\u0430\u043d\u0438\u0439 \u0421. \u0421\u043f\u0438\u0441\u043e\u0447\u043d\u0430\u044f \u0444\u043e\u0440\u043c\u0430", "action_flag": 1, "change_message": "[{\"added\": {}}]"}}, {"model": "admin.logentry", "pk": 25, "fields": {"action_time": "2020-08-13T11:54:22.977Z", "user": 2, "content_type": 6, "object_id": "4", "object_repr": "12. \u0410\u043b\u0433\u043e\u0440\u0438\u0442\u043c\u044b. \u041f\u043e\u043d\u044f\u0442\u0438\u0435 \u0441\u043b\u043e\u0436\u043d\u043e\u0441\u0442\u0438 \u0430\u043b\u0433\u043e\u0440\u0438\u0442\u043c\u0430. \u041e\u0441\u043d\u043e\u0432\u043d\u044b\u0435 \u0441\u0442\u0440\u0443\u043a\u0442\u0443\u0440\u044b \u0434\u0430\u043d\u043d\u044b\u0445.18337. \u0411\u0430\u0437\u043e\u0432\u044b\u0435 \u0441\u0442\u0440\u0443\u043a\u0442\u0443\u0440\u044b \u0434\u0430\u043d\u043d\u044b\u0445 \u0410. \u041a\u0440\u0443\u0436\u043a\u0438", "action_flag": 1, "change_message": "[{\"added\": {}}]"}}, {"model": "admin.logentry", "pk": 26, "fields": {"action_time": "2020-08-13T11:54:34.092Z", "user": 2, "content_type": 6, "object_id": "5", "object_repr": "12. \u0410\u043b\u0433\u043e\u0440\u0438\u0442\u043c\u044b. \u041f\u043e\u043d\u044f\u0442\u0438\u0435 \u0441\u043b\u043e\u0436\u043d\u043e\u0441\u0442\u0438 \u0430\u043b\u0433\u043e\u0440\u0438\u0442\u043c\u0430. \u041e\u0441\u043d\u043e\u0432\u043d\u044b\u0435 \u0441\u0442\u0440\u0443\u043a\u0442\u0443\u0440\u044b \u0434\u0430\u043d\u043d\u044b\u0445.18337. \u0411\u0430\u0437\u043e\u0432\u044b\u0435 \u0441\u0442\u0440\u0443\u043a\u0442\u0443\u0440\u044b \u0434\u0430\u043d\u043d\u044b\u0445 \u0412. \u041c\u043e\u043d\u0438\u0442\u043e\u0440\u0438\u043d\u0433", "action_flag": 1, "change_message": "[{\"added\": {}}]"}}, {"model": "admin.logentry", "pk": 27, "fields": {"action_time": "2020-08-13T11:54:46.533Z", "user": 2, "content_type": 6, "object_id": "6", "object_repr": "12. \u0410\u043b\u0433\u043e\u0440\u0438\u0442\u043c\u044b. \u041f\u043e\u043d\u044f\u0442\u0438\u0435 \u0441\u043b\u043e\u0436\u043d\u043e\u0441\u0442\u0438 \u0430\u043b\u0433\u043e\u0440\u0438\u0442\u043c\u0430. \u041e\u0441\u043d\u043e\u0432\u043d\u044b\u0435 \u0441\u0442\u0440\u0443\u043a\u0442\u0443\u0440\u044b \u0434\u0430\u043d\u043d\u044b\u0445.18337. \u0411\u0430\u0437\u043e\u0432\u044b\u0435 \u0441\u0442\u0440\u0443\u043a\u0442\u0443\u0440\u044b \u0434\u0430\u043d\u043d\u044b\u0445 \u0421. \u041f\u043e\u0434\u0441\u0442\u0440\u043e\u043a\u0438", "action_flag": 1, "change_message": "[{\"added\": {}}]"}}, {"model": "admin.logentry", "pk": 28, "fields": {"action_time": "2020-08-13T11:55:39.609Z", "user": 2, "content_type": 6, "object_id": "7", "object_repr": "12. \u0410\u043b\u0433\u043e\u0440\u0438\u0442\u043c\u044b. \u041f\u043e\u043d\u044f\u0442\u0438\u0435 \u0441\u043b\u043e\u0436\u043d\u043e\u0441\u0442\u0438 \u0430\u043b\u0433\u043e\u0440\u0438\u0442\u043c\u0430. \u041e\u0441\u043d\u043e\u0432\u043d\u044b\u0435 \u0441\u0442\u0440\u0443\u043a\u0442\u0443\u0440\u044b \u0434\u0430\u043d\u043d\u044b\u0445.18357. \u0421\u043f\u0440\u0438\u043d\u0442 12. \u0424\u0438\u043d\u0430\u043b\u044c\u043d\u044b\u0435 \u0437\u0430\u0434\u0430\u0447\u0438 \u0410. \u041a\u0430\u043b\u044c\u043a\u0443\u043b\u044f\u0442\u043e\u0440", "action_flag": 1, "change_message": "[{\"added\": {}}]"}}, {"model": "admin.logentry", "pk": 29, "fields": {"action_time": "2020-08-13T11:55:50.241Z", "user": 2, "content_type": 6, "object_id": "8", "object_repr": "12. \u0410\u043b\u0433\u043e\u0440\u0438\u0442\u043c\u044b. \u041f\u043e\u043d\u044f\u0442\u0438\u0435 \u0441\u043b\u043e\u0436\u043d\u043e\u0441\u0442\u0438 \u0430\u043b\u0433\u043e\u0440\u0438\u0442\u043c\u0430. \u041e\u0441\u043d\u043e\u0432\u043d\u044b\u0435 \u0441\u0442\u0440\u0443\u043a\u0442\u0443\u0440\u044b \u0434\u0430\u043d\u043d\u044b\u0445.18357. \u0421\u043f\u0440\u0438\u043d\u0442 12. \u0424\u0438\u043d\u0430\u043b\u044c\u043d\u044b\u0435 \u0437\u0430\u0434\u0430\u0447\u0438 \u0412. \u0426\u0438\u043a\u043b\u044b", "action_flag": 1, "change_message": "[{\"added\": {}}]"}}, {"model": "admin.logentry", "pk": 30, "fields": {"action_time": "2020-08-13T11:56:51.238Z", "user": 2, "content_type": 6, "object_id": "9", "object_repr": "13. \u0416\u0430\u0434\u043d\u044b\u0435 \u0430\u043b\u0433\u043e\u0440\u0438\u0442\u043c\u044b. \u0420\u0435\u043a\u0443\u0440\u0441\u0438\u044f.18360. \u0416\u0430\u0434\u043d\u044b\u0435 \u0430\u043b\u0433\u043e\u0440\u0438\u0442\u043c\u044b \u0410. \u0420\u0430\u0441\u043f\u0438\u0441\u0430\u043d\u0438\u0435", "action_flag": 1, "change_message": "[{\"added\": {}}]"}}, {"model": "admin.logentry", "pk": 31, "fields": {"action_time": "2020-08-13T11:57:02.677Z", "user": 2, "content_type": 6, "object_id": "10", "object_repr": "13. \u0416\u0430\u0434\u043d\u044b\u0435 \u0430\u043b\u0433\u043e\u0440\u0438\u0442\u043c\u044b. \u0420\u0435\u043a\u0443\u0440\u0441\u0438\u044f.18360. \u0416\u0430\u0434\u043d\u044b\u0435 \u0430\u043b\u0433\u043e\u0440\u0438\u0442\u043c\u044b \u0412. \u0411\u0438\u0440\u0436\u0430", "action_flag": 1, "change_message": "[{\"added\": {}}]"}}, {"model": "admin.logentry", "pk": 32, "fields": {"action_time": "2020-08-13T11:57:16.193Z", "user": 2, "content_type": 6, "object_id": "11", "object_repr": "13. \u0416\u0430\u0434\u043d\u044b\u0435 \u0430\u043b\u0433\u043e\u0440\u0438\u0442\u043c\u044b. \u0420\u0435\u043a\u0443\u0440\u0441\u0438\u044f.18360. \u0416\u0430\u0434\u043d\u044b\u0435 \u0430\u043b\u0433\u043e\u0440\u0438\u0442\u043c\u044b \u0421. \u041f\u043e\u0434\u043f\u043e\u0441\u043b\u0435\u0434\u043e\u0432\u0430\u0442\u0435\u043b\u044c\u043d\u043e\u0441\u0442\u044c", "action_flag": 1, "change_message": "[{\"added\": {}}]"}}, {"model": "admin.logentry", "pk": 33, "fields": {"action_time": "2020-08-13T11:57:45.713Z", "user": 2, "content_type": 6, "object_id": "12", "object_repr": "13. \u0416\u0430\u0434\u043d\u044b\u0435 \u0430\u043b\u0433\u043e\u0440\u0438\u0442\u043c\u044b. \u0420\u0435\u043a\u0443\u0440\u0441\u0438\u044f.18359. \u0420\u0435\u043a\u0443\u0440\u0441\u0438\u044f \u0410. \u0420\u0435\u043a\u0443\u0440\u0441\u0438\u0432\u043d\u044b\u0435 \u0447\u0438\u0441\u043b\u0430 \u0424\u0438\u0431\u043e\u043d\u0430\u0447\u0447\u0438", "action_flag": 1, "change_message": "[{\"added\": {}}]"}}, {"model": "admin.logentry", "pk": 34, "fields": {"action_time": "2020-08-13T11:57:58.098Z", "user": 2, "content_type": 6, "object_id": "13", "object_repr": "13. \u0416\u0430\u0434\u043d\u044b\u0435 \u0430\u043b\u0433\u043e\u0440\u0438\u0442\u043c\u044b. \u0420\u0435\u043a\u0443\u0440\u0441\u0438\u044f.18359. \u0420\u0435\u043a\u0443\u0440\u0441\u0438\u044f \u0412. \u0424\u0438\u0431\u043e\u043d\u0430\u0447\u0447\u0438 \u0441 \u043f\u0430\u043c\u044f\u0442\u044c\u044e", "action_flag": 1, "change_message": "[{\"added\": {}}]"}}, {"model": "admin.logentry", "pk": 35, "fields": {"action_time": "2020-08-13T11:58:10.261Z", "user": 2, "content_type": 6, "object_id": "14", "object_repr": "13. \u0416\u0430\u0434\u043d\u044b\u0435 \u0430\u043b\u0433\u043e\u0440\u0438\u0442\u043c\u044b. \u0420\u0435\u043a\u0443\u0440\u0441\u0438\u044f.18359. \u0420\u0435\u043a\u0443\u0440\u0441\u0438\u044f \u0421. \u042d\u0444\u0444\u0435\u043a\u0442\u0438\u0432\u043d\u044b\u0435 \u0447\u0438\u0441\u043b\u0430 \u0424\u0438\u0431\u043e\u043d\u0430\u0447\u0447\u0438", "action_flag": 1, "change_message": "[{\"added\": {}}]"}}, {"model": "admin.logentry", "pk": 36, "fields": {"action_time": "2020-08-13T11:58:43.274Z", "user": 2, "content_type": 6, "object_id": "15", "object_repr": "13. \u0416\u0430\u0434\u043d\u044b\u0435 \u0430\u043b\u0433\u043e\u0440\u0438\u0442\u043c\u044b. \u0420\u0435\u043a\u0443\u0440\u0441\u0438\u044f.18358. \u0421\u043f\u0440\u0438\u043d\u0442 13. \u0424\u0438\u043d\u0430\u043b\u044c\u043d\u044b\u0435 \u0437\u0430\u0434\u0430\u0447\u0438 \u0410. \u0424\u043e\u0442\u043e\u043a\u043e\u043f\u0438\u0438", "action_flag": 1, "change_message": "[{\"added\": {}}]"}}, {"model": "admin.logentry", "pk": 37, "fields": {"action_time": "2020-08-13T11:58:54.505Z", "user": 2, "content_type": 6, "object_id": "16", "object_repr": "13. \u0416\u0430\u0434\u043d\u044b\u0435 \u0430\u043b\u0433\u043e\u0440\u0438\u0442\u043c\u044b. \u0420\u0435\u043a\u0443\u0440\u0441\u0438\u044f.18358. \u0421\u043f\u0440\u0438\u043d\u0442 13. \u0424\u0438\u043d\u0430\u043b\u044c\u043d\u044b\u0435 \u0437\u0430\u0434\u0430\u0447\u0438 \u0412. \u041f\u043e\u0438\u0441\u043a \u0432 \u0441\u043b\u043e\u043c\u0430\u043d\u043d\u043e\u043c \u043c\u0430\u0441\u0441\u0438\u0432\u0435", "action_flag": 1, "change_message": "[{\"added\": {}}]"}}, {"model": "admin.logentry", "pk": 38, "fields": {"action_time": "2020-08-13T11:59:29.894Z", "user": 2, "content_type": 6, "object_id": "17", "object_repr": "14. \u0421\u043e\u0440\u0442\u0438\u0440\u043e\u0432\u043a\u043818899. \u0421\u043e\u0440\u0442\u0438\u0440\u043e\u0432\u043a\u0438 \u0410. \u041f\u0443\u0437\u044b\u0440\u0435\u043a", "action_flag": 1, "change_message": "[{\"added\": {}}]"}}, {"model": "admin.logentry", "pk": 39, "fields": {"action_time": "2020-08-13T11:59:41.550Z", "user": 2, "content_type": 6, "object_id": "18", "object_repr": "14. \u0421\u043e\u0440\u0442\u0438\u0440\u043e\u0432\u043a\u043818899. \u0421\u043e\u0440\u0442\u0438\u0440\u043e\u0432\u043a\u0438 \u0412. \u0421\u043e\u0440\u0442\u0438\u0440\u043e\u0432\u043a\u0430 \u0432\u0441\u0442\u0430\u0432\u043a\u0430\u043c\u0438", "action_flag": 1, "change_message": "[{\"added\": {}}]"}}, {"model": "admin.logentry", "pk": 40, "fields": {"action_time": "2020-08-13T11:59:54.762Z", "user": 2, "content_type": 6, "object_id": "19", "object_repr": "14. \u0421\u043e\u0440\u0442\u0438\u0440\u043e\u0432\u043a\u043818899. \u0421\u043e\u0440\u0442\u0438\u0440\u043e\u0432\u043a\u0438 \u0421. \u042d\u0444\u0444\u0435\u043a\u0442\u0438\u0432\u043d\u0430\u044f \u0431\u044b\u0441\u0442\u0440\u0430\u044f \u0441\u043e\u0440\u0442\u0438\u0440\u043e\u0432\u043a\u0430", "action_flag": 1, "change_message": "[{\"added\": {}}]"}}, {"model": "admin.logentry", "pk": 41, "fields": {"action_time": "2020-08-13T12:00:26.446Z", "user": 2, "content_type": 6, "object_id": "20", "object_repr": "14. \u0421\u043e\u0440\u0442\u0438\u0440\u043e\u0432\u043a\u043818970. \u0421\u043f\u0440\u0438\u043d\u0442 14. \u0424\u0438\u043d\u0430\u043b\u044c\u043d\u044b\u0435 \u0437\u0430\u0434\u0430\u0447\u0438 \u0410. \u0411\u043e\u043b\u044c\u0448\u043e\u0435 \u0447\u0438\u0441\u043b\u043e", "action_flag": 1, "change_message": "[{\"added\": {}}]"}}, {"model": "admin.logentry", "pk": 42, "fields": {"action_time": "2020-08-13T12:00:39.838Z", "user": 2, "content_type": 6, "object_id": "21", "object_repr": "14. \u0421\u043e\u0440\u0442\u0438\u0440\u043e\u0432\u043a\u043818970. \u0421\u043f\u0440\u0438\u043d\u0442 14. \u0424\u0438\u043d\u0430\u043b\u044c\u043d\u044b\u0435 \u0437\u0430\u0434\u0430\u0447\u0438 \u0412. Radix Sort", "action_flag": 1, "change_message": "[{\"added\": {}}]"}}, {"model": "admin.logentry", "pk": 43, "fields": {"action_time": "2020-08-13T12:01:04.206Z", "user": 2, "content_type": 6, "object_id": "22", "object_repr": "15. \u0414\u0435\u0440\u0435\u0432\u044c\u044f18996. \u0414\u0435\u0440\u0435\u0432\u044c\u044f \u0410. \u0411\u0440\u0438\u043b\u043b\u0438\u0430\u043d\u0442\u044b", "action_flag": 1, "change_message": "[{\"added\": {}}]"}}, {"model": "admin.logentry", "pk": 44, "fields": {"action_time": "2020-08-13T12:01:19.255Z", "user": 2, "content_type": 6, "object_id": "23", "object_repr": "15. \u0414\u0435\u0440\u0435\u0432\u044c\u044f18996. \u0414\u0435\u0440\u0435\u0432\u044c\u044f \u0412. \u0421\u0431\u0430\u043b\u0430\u043d\u0441\u0438\u0440\u043e\u0432\u0430\u043d\u043d\u043e\u0435 \u0434\u0435\u0440\u0435\u0432\u043e", "action_flag": 1, "change_message": "[{\"added\": {}}]"}}, {"model": "admin.logentry", "pk": 45, "fields": {"action_time": "2020-08-13T12:01:30.452Z", "user": 2, "content_type": 6, "object_id": "24", "object_repr": "15. \u0414\u0435\u0440\u0435\u0432\u044c\u044f18996. \u0414\u0435\u0440\u0435\u0432\u044c\u044f \u0421. \u0413\u0435\u043d\u0435\u0430\u043b\u043e\u0433\u0438\u0447\u0435\u0441\u043a\u043e\u0435 \u0434\u0440\u0435\u0432\u043e", "action_flag": 1, "change_message": "[{\"added\": {}}]"}}, {"model": "admin.logentry", "pk": 46, "fields": {"action_time": "2020-08-13T12:01:46.986Z", "user": 2, "content_type": 6, "object_id": "25", "object_repr": "15. \u0414\u0435\u0440\u0435\u0432\u044c\u044f19044. \u0421\u043f\u0440\u0438\u043d\u0442 15. \u0424\u0438\u043d\u0430\u043b\u044c\u043d\u044b\u0435 \u0437\u0430\u0434\u0430\u0447\u0438 \u0410. \u041a\u043e\u043d\u0434\u0440\u0430\u0442\u0438\u0435\u0432\u0430 \u043f\u0438\u0440\u0430\u043c\u0438\u0434\u0430", "action_flag": 1, "change_message": "[{\"added\": {}}]"}}, {"model": "admin.logentry", "pk": 47, "fields": {"action_time": "2020-08-13T12:02:11.363Z", "user": 2, "content_type": 6, "object_id": "26", "object_repr": "16. \u0425\u0435\u0448-\u0444\u0443\u043d\u043a\u0446\u0438\u043819095. \u0425\u0435\u0448-\u0444\u0443\u043d\u043a\u0446\u0438\u0438 \u0410. \u0421\u0447\u0430\u0441\u0442\u043b\u0438\u0432\u044b\u0439 \u0431\u0438\u043b\u0435\u0442", "action_flag": 1, "change_message": "[{\"added\": {}}]"}}, {"model": "admin.logentry", "pk": 48, "fields": {"action_time": "2020-08-13T12:02:24.027Z", "user": 2, "content_type": 6, "object_id": "27", "object_repr": "16. \u0425\u0435\u0448-\u0444\u0443\u043d\u043a\u0446\u0438\u043819095. \u0425\u0435\u0448-\u0444\u0443\u043d\u043a\u0446\u0438\u0438 \u0412. \u041b\u0435\u0433\u043a\u0438\u0435 \u0447\u0438\u0441\u043b\u0430", "action_flag": 1, "change_message": "[{\"added\": {}}]"}}, {"model": "admin.logentry", "pk": 49, "fields": {"action_time": "2020-08-13T12:02:40.342Z", "user": 2, "content_type": 6, "object_id": "28", "object_repr": "16. \u0425\u0435\u0448-\u0444\u0443\u043d\u043a\u0446\u0438\u043819095. \u0425\u0435\u0448-\u0444\u0443\u043d\u043a\u0446\u0438\u0438 \u0421. \u0410\u043d\u0430\u0433\u0440\u0430\u043c\u043c\u043d\u0430\u044f \u0433\u0440\u0443\u043f\u043f\u0438\u0440\u043e\u0432\u043a\u0430", "action_flag": 1, "change_message": "[{\"added\": {}}]"}}, {"model": "admin.logentry", "pk": 50, "fields": {"action_time": "2020-08-13T12:03:42.186Z", "user": 2, "content_type": 8, "object_id": "1", "object_repr": "\u041f\u043e\u0434\u0443\u043c\u043e\u0439!", "action_flag": 1, "change_message": "[{\"added\": {}}]"}}, {"model": "admin.logentry", "pk": 51, "fields": {"action_time": "2020-08-13T12:03:55.805Z", "user": 2, "content_type": 8, "object_id": "2", "object_repr": "\u041f\u043e\u0434\u0443\u043c\u043e\u0439 \u0434\u0432\u0430\u0436\u0434\u044b!", "action_flag": 1, "change_message": "[{\"added\": {}}]"}}, {"model": "admin.logentry", "pk": 52, "fields": {"action_time": "2020-08-13T12:04:04.602Z", "user": 2, "content_type": 8, "object_id": "3", "object_repr": "\u041f\u043e\u0434\u0443\u043c\u043e\u0439 \u0442\u0440\u0438\u0436\u0434\u044b!", "action_flag": 1, "change_message": "[{\"added\": {}}]"}}, {"model": "admin.logentry", "pk": 53, "fields": {"action_time": "2020-08-13T12:04:18.154Z", "user": 2, "content_type": 8, "object_id": "4", "object_repr": "\u041f\u043e\u0434\u0443\u043c\u043e\u0439!", "action_flag": 1, "change_message": "[{\"added\": {}}]"}}, {"model": "admin.logentry", "pk": 54, "fields": {"action_time": "2020-08-13T12:04:37.517Z", "user": 2, "content_type": 8, "object_id": "5", "object_repr": "\u041f\u043e\u0434\u0443\u043c\u043e\u0439 \u0434\u0432\u0430\u0436\u0434\u044b!", "action_flag": 1, "change_message": "[{\"added\": {}}]"}}, {"model": "admin.logentry", "pk": 55, "fields": {"action_time": "2020-08-13T12:04:47.706Z", "user": 2, "content_type": 8, "object_id": "6", "object_repr": "\u041f\u043e\u0434\u0443\u043c\u043e\u0439 \u0442\u0440\u0438\u0436\u0434\u044b!", "action_flag": 1, "change_message": "[{\"added\": {}}]"}}, {"model": "admin.logentry", "pk": 56, "fields": {"action_time": "2020-08-13T12:12:35.294Z", "user": 2, "content_type": 2, "object_id": "2", "object_repr": "\u0410\u043b\u0433\u043e\u0440\u0438\u0442\u043c\u044b", "action_flag": 1, "change_message": "[{\"added\": {}}]"}}, {"model": "admin.logentry", "pk": 57, "fields": {"action_time": "2020-08-13T13:17:39.348Z", "user": 2, "content_type": 3, "object_id": "1", "object_repr": "\u0414\u043c\u0438\u0442\u0440\u0438\u0439 \u0411\u0440\u0435\u0437\u0433\u0443\u043d\u043e\u0432, \u043a\u043e\u0433\u043e\u0440\u0442\u0430 1", "action_flag": 3, "change_message": ""}}, {"model": "admin.logentry", "pk": 58, "fields": {"action_time": "2020-08-14T17:48:17.214Z", "user": 2, "content_type": 6, "object_id": "1", "object_repr": "12. \u0410\u043b\u0433\u043e\u0440\u0438\u0442\u043c\u044b. \u041f\u043e\u043d\u044f\u0442\u0438\u0435 \u0441\u043b\u043e\u0436\u043d\u043e\u0441\u0442\u0438 \u0430\u043b\u0433\u043e\u0440\u0438\u0442\u043c\u0430. \u041e\u0441\u043d\u043e\u0432\u043d\u044b\u0435 \u0441\u0442\u0440\u0443\u043a\u0442\u0443\u0440\u044b \u0434\u0430\u043d\u043d\u044b\u0445.18338. \u0422\u0438\u043f\u0438\u0447\u043d\u044b\u0435 \u0437\u0430\u0434\u0430\u0447\u0438 \u0441 \u0441\u043e\u0431\u0435\u0441\u0435\u0434\u043e\u0432\u0430\u043d\u0438\u0439 \u0410. \u0417\u043d\u0430\u0447\u0435\u043d\u0438\u044f \u0444\u0443\u043d\u043a\u0446\u0438\u0438", "action_flag": 2, "change_message": "[]"}}, {"model": "admin.logentry", "pk": 59, "fields": {"action_time": "2020-08-14T17:48:22.215Z", "user": 2, "content_type": 6, "object_id": "2", "object_repr": "12. \u0410\u043b\u0433\u043e\u0440\u0438\u0442\u043c\u044b. \u041f\u043e\u043d\u044f\u0442\u0438\u0435 \u0441\u043b\u043e\u0436\u043d\u043e\u0441\u0442\u0438 \u0430\u043b\u0433\u043e\u0440\u0438\u0442\u043c\u0430. \u041e\u0441\u043d\u043e\u0432\u043d\u044b\u0435 \u0441\u0442\u0440\u0443\u043a\u0442\u0443\u0440\u044b \u0434\u0430\u043d\u043d\u044b\u0445.18338. \u0422\u0438\u043f\u0438\u0447\u043d\u044b\u0435 \u0437\u0430\u0434\u0430\u0447\u0438 \u0441 \u0441\u043e\u0431\u0435\u0441\u0435\u0434\u043e\u0432\u0430\u043d\u0438\u0439 \u0412. \u041b\u044e\u0431\u0438\u0442\u0435\u043b\u0438 \u043a\u043e\u043d\u0444\u0435\u0440\u0435\u043d\u0446\u0438\u0439", "action_flag": 2, "change_message": "[]"}}, {"model": "admin.logentry", "pk": 60, "fields": {"action_time": "2020-08-14T17:48:30.071Z", "user": 2, "content_type": 6, "object_id": "1", "object_repr": "12. \u0410\u043b\u0433\u043e\u0440\u0438\u0442\u043c\u044b. \u041f\u043e\u043d\u044f\u0442\u0438\u0435 \u0441\u043b\u043e\u0436\u043d\u043e\u0441\u0442\u0438 \u0430\u043b\u0433\u043e\u0440\u0438\u0442\u043c\u0430. \u041e\u0441\u043d\u043e\u0432\u043d\u044b\u0435 \u0441\u0442\u0440\u0443\u043a\u0442\u0443\u0440\u044b \u0434\u0430\u043d\u043d\u044b\u0445.18338. \u0422\u0438\u043f\u0438\u0447\u043d\u044b\u0435 \u0437\u0430\u0434\u0430\u0447\u0438 \u0441 \u0441\u043e\u0431\u0435\u0441\u0435\u0434\u043e\u0432\u0430\u043d\u0438\u0439 A. \u0417\u043d\u0430\u0447\u0435\u043d\u0438\u044f \u0444\u0443\u043d\u043a\u0446\u0438\u0438", "action_flag": 2, "change_message": "[{\"changed\": {\"fields\": [\"\\u041d\\u043e\\u043c\\u0435\\u0440 \\u0437\\u0430\\u0434\\u0430\\u0447\\u0438\"]}}]"}}, {"model": "admin.logentry", "pk": 61, "fields": {"action_time": "2020-08-14T17:48:37.746Z", "user": 2, "content_type": 6, "object_id": "2", "object_repr": "12. \u0410\u043b\u0433\u043e\u0440\u0438\u0442\u043c\u044b. \u041f\u043e\u043d\u044f\u0442\u0438\u0435 \u0441\u043b\u043e\u0436\u043d\u043e\u0441\u0442\u0438 \u0430\u043b\u0433\u043e\u0440\u0438\u0442\u043c\u0430. \u041e\u0441\u043d\u043e\u0432\u043d\u044b\u0435 \u0441\u0442\u0440\u0443\u043a\u0442\u0443\u0440\u044b \u0434\u0430\u043d\u043d\u044b\u0445.18338. \u0422\u0438\u043f\u0438\u0447\u043d\u044b\u0435 \u0437\u0430\u0434\u0430\u0447\u0438 \u0441 \u0441\u043e\u0431\u0435\u0441\u0435\u0434\u043e\u0432\u0430\u043d\u0438\u0439 B. \u041b\u044e\u0431\u0438\u0442\u0435\u043b\u0438 \u043a\u043e\u043d\u0444\u0435\u0440\u0435\u043d\u0446\u0438\u0439", "action_flag": 2, "change_message": "[{\"changed\": {\"fields\": [\"\\u041d\\u043e\\u043c\\u0435\\u0440 \\u0437\\u0430\\u0434\\u0430\\u0447\\u0438\"]}}]"}}, {"model": "admin.logentry", "pk": 62, "fields": {"action_time": "2020-08-14T17:48:44.498Z", "user": 2, "content_type": 6, "object_id": "3", "object_repr": "12. \u0410\u043b\u0433\u043e\u0440\u0438\u0442\u043c\u044b. \u041f\u043e\u043d\u044f\u0442\u0438\u0435 \u0441\u043b\u043e\u0436\u043d\u043e\u0441\u0442\u0438 \u0430\u043b\u0433\u043e\u0440\u0438\u0442\u043c\u0430. \u041e\u0441\u043d\u043e\u0432\u043d\u044b\u0435 \u0441\u0442\u0440\u0443\u043a\u0442\u0443\u0440\u044b \u0434\u0430\u043d\u043d\u044b\u0445.18338. \u0422\u0438\u043f\u0438\u0447\u043d\u044b\u0435 \u0437\u0430\u0434\u0430\u0447\u0438 \u0441 \u0441\u043e\u0431\u0435\u0441\u0435\u0434\u043e\u0432\u0430\u043d\u0438\u0439 C. \u0421\u043f\u0438\u0441\u043e\u0447\u043d\u0430\u044f \u0444\u043e\u0440\u043c\u0430", "action_flag": 2, "change_message": "[{\"changed\": {\"fields\": [\"\\u041d\\u043e\\u043c\\u0435\\u0440 \\u0437\\u0430\\u0434\\u0430\\u0447\\u0438\"]}}]"}}, {"model": "admin.logentry", "pk": 63, "fields": {"action_time": "2020-08-15T10:34:45.417Z", "user": 2, "content_type": 3, "object_id": "3", "object_repr": "\u0414\u043c\u0438\u0442\u0440\u0438\u0439 \u0411\u0440\u0435\u0437\u0433\u0443\u043d\u043e\u0432, \u043a\u043e\u0433\u043e\u0440\u0442\u0430 1", "action_flag": 3, "change_message": ""}}, {"model": "admin.logentry", "pk": 64, "fields": {"action_time": "2020-08-15T10:38:12.269Z", "user": 2, "content_type": 7, "object_id": "1", "object_repr": "A. \u0417\u043d\u0430\u0447\u0435\u043d\u0438\u044f \u0444\u0443\u043d\u043a\u0446\u0438\u0438. \u0422\u0435\u0441\u0442 \u21161", "action_flag": 1, "change_message": "[{\"added\": {}}]"}}, {"model": "admin.logentry", "pk": 65, "fields": {"action_time": "2020-08-15T12:14:10.740Z", "user": 2, "content_type": 3, "object_id": "4", "object_repr": "\u0414\u043c\u0438\u0442\u0440\u0438\u0439 \u0411\u0440\u0435\u0437\u0433\u0443\u043d\u043e\u0432, \u043a\u043e\u0433\u043e\u0440\u0442\u0430 1", "action_flag": 3, "change_message": ""}}, {"model": "admin.logentry", "pk": 66, "fields": {"action_time": "2020-08-15T12:14:51.662Z", "user": 2, "content_type": 3, "object_id": "5", "object_repr": "\u0414\u043c\u0438\u0442\u0440\u0438\u0439 \u0411\u0440\u0435\u0437\u0433\u0443\u043d\u043e\u0432, \u043a\u043e\u0433\u043e\u0440\u0442\u0430 1", "action_flag": 3, "change_message": ""}}, {"model": "admin.logentry", "pk": 67, "fields": {"action_time": "2020-08-18T13:43:43.868Z", "user": 2, "content_type": 7, "object_id": "2", "object_repr": "A. \u0417\u043d\u0430\u0447\u0435\u043d\u0438\u044f \u0444\u0443\u043d\u043a\u0446\u0438\u0438. \u0422\u0435\u0441\u0442 \u21162", "action_flag": 1, "change_message": "[{\"added\": {}}]"}}, {"model": "admin.logentry", "pk": 68, "fields": {"action_time": "2020-08-19T06:43:43.822Z", "user": 2, "content_type": 8, "object_id": "6", "object_repr": "\u041f\u043e\u0434\u0443\u043c\u043e\u0439 \u0442\u0440\u0438\u0436\u0434\u044b!", "action_flag": 2, "change_message": "[{\"changed\": {\"fields\": [\"\\u041d\\u043e\\u043c\\u0435\\u0440 \\u043f\\u043e\\u0434\\u0441\\u043a\\u0430\\u0437\\u043a\\u0438\"]}}]"}}, {"model": "admin.logentry", "pk": 69, "fields": {"action_time": "2020-08-19T06:43:48.812Z", "user": 2, "content_type": 8, "object_id": "5", "object_repr": "\u041f\u043e\u0434\u0443\u043c\u043e\u0439 \u0434\u0432\u0430\u0436\u0434\u044b!", "action_flag": 2, "change_message": "[{\"changed\": {\"fields\": [\"\\u041d\\u043e\\u043c\\u0435\\u0440 \\u043f\\u043e\\u0434\\u0441\\u043a\\u0430\\u0437\\u043a\\u0438\"]}}]"}}, {"model": "admin.logentry", "pk": 70, "fields": {"action_time": "2020-08-19T06:43:53.787Z", "user": 2, "content_type": 8, "object_id": "3", "object_repr": "\u041f\u043e\u0434\u0443\u043c\u043e\u0439 \u0442\u0440\u0438\u0436\u0434\u044b!", "action_flag": 2, "change_message": "[{\"changed\": {\"fields\": [\"\\u041d\\u043e\\u043c\\u0435\\u0440 \\u043f\\u043e\\u0434\\u0441\\u043a\\u0430\\u0437\\u043a\\u0438\"]}}]"}}, {"model": "admin.logentry", "pk": 71, "fields": {"action_time": "2020-08-19T06:43:58.273Z", "user": 2, "content_type": 8, "object_id": "2", "object_repr": "\u041f\u043e\u0434\u0443\u043c\u043e\u0439 \u0434\u0432\u0430\u0436\u0434\u044b!", "action_flag": 2, "change_message": "[{\"changed\": {\"fields\": [\"\\u041d\\u043e\\u043c\\u0435\\u0440 \\u043f\\u043e\\u0434\\u0441\\u043a\\u0430\\u0437\\u043a\\u0438\"]}}]"}}, {"model": "admin.logentry", "pk": 72, "fields": {"action_time": "2020-08-19T06:44:09.165Z", "user": 2, "content_type": 8, "object_id": "4", "object_repr": "\u041f\u043e\u0434\u0443\u043c\u043e\u0439!", "action_flag": 2, "change_message": "[{\"changed\": {\"fields\": [\"\\u041d\\u043e\\u043c\\u0435\\u0440 \\u043f\\u043e\\u0434\\u0441\\u043a\\u0430\\u0437\\u043a\\u0438\"]}}]"}}, {"model": "admin.logentry", "pk": 73, "fields": {"action_time": "2020-08-19T06:44:14.015Z", "user": 2, "content_type": 8, "object_id": "3", "object_repr": "\u041f\u043e\u0434\u0443\u043c\u043e\u0439 \u0442\u0440\u0438\u0436\u0434\u044b!", "action_flag": 2, "change_message": "[{\"changed\": {\"fields\": [\"\\u041d\\u043e\\u043c\\u0435\\u0440 \\u043f\\u043e\\u0434\\u0441\\u043a\\u0430\\u0437\\u043a\\u0438\"]}}]"}}, {"model": "admin.logentry", "pk": 74, "fields": {"action_time": "2020-08-19T06:44:18.165Z", "user": 2, "content_type": 8, "object_id": "2", "object_repr": "\u041f\u043e\u0434\u0443\u043c\u043e\u0439 \u0434\u0432\u0430\u0436\u0434\u044b!", "action_flag": 2, "change_message": "[{\"changed\": {\"fields\": [\"\\u041d\\u043e\\u043c\\u0435\\u0440 \\u043f\\u043e\\u0434\\u0441\\u043a\\u0430\\u0437\\u043a\\u0438\"]}}]"}}, {"model": "admin.logentry", "pk": 75, "fields": {"action_time": "2020-08-19T06:44:23.017Z", "user": 2, "content_type": 8, "object_id": "1", "object_repr": "\u041f\u043e\u0434\u0443\u043c\u043e\u0439!", "action_flag": 2, "change_message": "[{\"changed\": {\"fields\": [\"\\u041d\\u043e\\u043c\\u0435\\u0440 \\u043f\\u043e\\u0434\\u0441\\u043a\\u0430\\u0437\\u043a\\u0438\"]}}]"}}, {"model": "admin.logentry", "pk": 76, "fields": {"action_time": "2020-08-19T07:14:29.312Z", "user": 2, "content_type": 3, "object_id": "8", "object_repr": "\u041d\u0438\u043a\u043e\u043b\u0430\u0439 \u0417\u0438\u043c\u0438\u043d, \u043a\u043e\u0433\u043e\u0440\u0442\u0430 1", "action_flag": 3, "change_message": ""}}, {"model": "admin.logentry", "pk": 77, "fields": {"action_time": "2020-08-19T10:32:31.579Z", "user": 2, "content_type": 3, "object_id": "10", "object_repr": "\u041d\u0438\u043a\u043e\u043b\u0430\u0439 \u0417\u0438\u043c\u0438\u043d, \u043a\u043e\u0433\u043e\u0440\u0442\u0430 1", "action_flag": 3, "change_message": ""}}, {"model": "admin.logentry", "pk": 78, "fields": {"action_time": "2020-08-19T10:46:44.534Z", "user": 2, "content_type": 3, "object_id": "9", "object_repr": "\u0411\u0440\u0435\u0437\u0433\u0443\u043d\u043e\u0432 \u0414\u043c\u0438\u0442\u0440\u0438\u0439, \u043a\u043e\u0433\u043e\u0440\u0442\u0430 1", "action_flag": 3, "change_message": ""}}, {"model": "admin.logentry", "pk": 79, "fields": {"action_time": "2020-08-19T10:46:44.555Z", "user": 2, "content_type": 3, "object_id": "7", "object_repr": "\u0410\u043b\u0435\u043a\u0441\u0435\u0439 \u0417\u0432\u0435\u0440\u0435\u0432, \u043a\u043e\u0433\u043e\u0440\u0442\u0430 4", "action_flag": 3, "change_message": ""}}, {"model": "admin.logentry", "pk": 80, "fields": {"action_time": "2020-08-19T10:46:44.584Z", "user": 2, "content_type": 3, "object_id": "6", "object_repr": "\u041e\u043b\u044f \u041b\u0435\u043e, \u043a\u043e\u0433\u043e\u0440\u0442\u0430 1", "action_flag": 3, "change_message": ""}}, {"model": "admin.logentry", "pk": 81, "fields": {"action_time": "2020-08-19T10:46:44.605Z", "user": 2, "content_type": 3, "object_id": "2", "object_repr": "a b, \u043a\u043e\u0433\u043e\u0440\u0442\u0430 1", "action_flag": 3, "change_message": ""}}, {"model": "admin.logentry", "pk": 82, "fields": {"action_time": "2020-08-20T11:05:41.849Z", "user": 2, "content_type": 3, "object_id": "12", "object_repr": "\u0414\u043c\u0438\u0442\u0440\u0438\u0439 \u0411\u0440\u0435\u0437\u0433\u0443\u043d\u043e\u0432, \u043a\u043e\u0433\u043e\u0440\u0442\u0430 1", "action_flag": 3, "change_message": ""}}, {"model": "admin.logentry", "pk": 83, "fields": {"action_time": "2020-08-20T11:11:26.774Z", "user": 2, "content_type": 7, "object_id": "3", "object_repr": "A. \u0417\u043d\u0430\u0447\u0435\u043d\u0438\u044f \u0444\u0443\u043d\u043a\u0446\u0438\u0438. \u0422\u0435\u0441\u0442 \u21163", "action_flag": 1, "change_message": "[{\"added\": {}}]"}}, {"model": "admin.logentry", "pk": 84, "fields": {"action_time": "2020-08-20T11:11:37.050Z", "user": 2, "content_type": 7, "object_id": "4", "object_repr": "A. \u0417\u043d\u0430\u0447\u0435\u043d\u0438\u044f \u0444\u0443\u043d\u043a\u0446\u0438\u0438. \u0422\u0435\u0441\u0442 \u21164", "action_flag": 1, "change_message": "[{\"added\": {}}]"}}, {"model": "admin.logentry", "pk": 85, "fields": {"action_time": "2020-08-20T11:11:49.406Z", "user": 2, "content_type": 7, "object_id": "5", "object_repr": "B. \u041b\u044e\u0431\u0438\u0442\u0435\u043b\u0438 \u043a\u043e\u043d\u0444\u0435\u0440\u0435\u043d\u0446\u0438\u0439. \u0422\u0435\u0441\u0442 \u21161", "action_flag": 1, "change_message": "[{\"added\": {}}]"}}, {"model": "admin.logentry", "pk": 86, "fields": {"action_time": "2020-08-20T11:11:58.393Z", "user": 2, "content_type": 7, "object_id": "6", "object_repr": "B. \u041b\u044e\u0431\u0438\u0442\u0435\u043b\u0438 \u043a\u043e\u043d\u0444\u0435\u0440\u0435\u043d\u0446\u0438\u0439. \u0422\u0435\u0441\u0442 \u21162", "action_flag": 1, "change_message": "[{\"added\": {}}]"}}, {"model": "admin.logentry", "pk": 87, "fields": {"action_time": "2020-08-20T11:12:08.508Z", "user": 2, "content_type": 7, "object_id": "7", "object_repr": "B. \u041b\u044e\u0431\u0438\u0442\u0435\u043b\u0438 \u043a\u043e\u043d\u0444\u0435\u0440\u0435\u043d\u0446\u0438\u0439. \u0422\u0435\u0441\u0442 \u21162", "action_flag": 1, "change_message": "[{\"added\": {}}]"}}, {"model": "admin.logentry", "pk": 88, "fields": {"action_time": "2020-08-20T11:12:18.554Z", "user": 2, "content_type": 7, "object_id": "7", "object_repr": "B. \u041b\u044e\u0431\u0438\u0442\u0435\u043b\u0438 \u043a\u043e\u043d\u0444\u0435\u0440\u0435\u043d\u0446\u0438\u0439. \u0422\u0435\u0441\u0442 \u21163", "action_flag": 2, "change_message": "[{\"changed\": {\"fields\": [\"\\u041d\\u043e\\u043c\\u0435\\u0440 \\u0442\\u0435\\u0441\\u0442\\u0430\"]}}]"}}, {"model": "admin.logentry", "pk": 89, "fields": {"action_time": "2020-08-20T11:13:22.610Z", "user": 2, "content_type": 7, "object_id": "8", "object_repr": "B. \u041b\u044e\u0431\u0438\u0442\u0435\u043b\u0438 \u043a\u043e\u043d\u0444\u0435\u0440\u0435\u043d\u0446\u0438\u0439. \u0422\u0435\u0441\u0442 \u21164", "action_flag": 1, "change_message": "[{\"added\": {}}]"}}, {"model": "admin.logentry", "pk": 90, "fields": {"action_time": "2020-08-20T11:13:56.585Z", "user": 2, "content_type": 7, "object_id": "9", "object_repr": "C. \u0421\u043f\u0438\u0441\u043e\u0447\u043d\u0430\u044f \u0444\u043e\u0440\u043c\u0430. \u0422\u0435\u0441\u0442 \u21161", "action_flag": 1, "change_message": "[{\"added\": {}}]"}}, {"model": "admin.logentry", "pk": 91, "fields": {"action_time": "2020-08-20T11:14:13.781Z", "user": 2, "content_type": 7, "object_id": "10", "object_repr": "C. \u0421\u043f\u0438\u0441\u043e\u0447\u043d\u0430\u044f \u0444\u043e\u0440\u043c\u0430. \u0422\u0435\u0441\u0442 \u21163", "action_flag": 1, "change_message": "[{\"added\": {}}]"}}, {"model": "admin.logentry", "pk": 92, "fields": {"action_time": "2020-08-20T11:14:20.645Z", "user": 2, "content_type": 7, "object_id": "10", "object_repr": "C. \u0421\u043f\u0438\u0441\u043e\u0447\u043d\u0430\u044f \u0444\u043e\u0440\u043c\u0430. \u0422\u0435\u0441\u0442 \u21162", "action_flag": 2, "change_message": "[{\"changed\": {\"fields\": [\"\\u041d\\u043e\\u043c\\u0435\\u0440 \\u0442\\u0435\\u0441\\u0442\\u0430\"]}}]"}}, {"model": "admin.logentry", "pk": 93, "fields": {"action_time": "2020-08-20T11:14:29.933Z", "user": 2, "content_type": 7, "object_id": "11", "object_repr": "C. \u0421\u043f\u0438\u0441\u043e\u0447\u043d\u0430\u044f \u0444\u043e\u0440\u043c\u0430. \u0422\u0435\u0441\u0442 \u21163", "action_flag": 1, "change_message": "[{\"added\": {}}]"}}, {"model": "admin.logentry", "pk": 94, "fields": {"action_time": "2020-08-20T11:14:54.541Z", "user": 2, "content_type": 7, "object_id": "12", "object_repr": "C. \u0421\u043f\u0438\u0441\u043e\u0447\u043d\u0430\u044f \u0444\u043e\u0440\u043c\u0430. \u0422\u0435\u0441\u0442 \u21164", "action_flag": 1, "change_message": "[{\"added\": {}}]"}}, {"model": "admin.logentry", "pk": 95, "fields": {"action_time": "2020-08-20T11:15:07.777Z", "user": 2, "content_type": 7, "object_id": "13", "object_repr": "\u0410. \u041a\u0440\u0443\u0436\u043a\u0438. \u0422\u0435\u0441\u0442 \u21161", "action_flag": 1, "change_message": "[{\"added\": {}}]"}}, {"model": "admin.logentry", "pk": 96, "fields": {"action_time": "2020-08-20T11:15:18.357Z", "user": 2, "content_type": 7, "object_id": "14", "object_repr": "\u0410. \u041a\u0440\u0443\u0436\u043a\u0438. \u0422\u0435\u0441\u0442 \u21162", "action_flag": 1, "change_message": "[{\"added\": {}}]"}}, {"model": "admin.logentry", "pk": 97, "fields": {"action_time": "2020-08-20T11:15:27.489Z", "user": 2, "content_type": 7, "object_id": "15", "object_repr": "B. \u041b\u044e\u0431\u0438\u0442\u0435\u043b\u0438 \u043a\u043e\u043d\u0444\u0435\u0440\u0435\u043d\u0446\u0438\u0439. \u0422\u0435\u0441\u0442 \u21163", "action_flag": 1, "change_message": "[{\"added\": {}}]"}}, {"model": "admin.logentry", "pk": 98, "fields": {"action_time": "2020-08-20T11:15:56.357Z", "user": 2, "content_type": 7, "object_id": "15", "object_repr": "\u0410. \u041a\u0440\u0443\u0436\u043a\u0438. \u0422\u0435\u0441\u0442 \u21163", "action_flag": 2, "change_message": "[{\"changed\": {\"fields\": [\"\\u0417\\u0430\\u0434\\u0430\\u0447\\u0430\"]}}]"}}, {"model": "admin.logentry", "pk": 99, "fields": {"action_time": "2020-08-20T11:16:07.161Z", "user": 2, "content_type": 7, "object_id": "16", "object_repr": "\u0410. \u041a\u0440\u0443\u0436\u043a\u0438. \u0422\u0435\u0441\u0442 \u21164", "action_flag": 1, "change_message": "[{\"added\": {}}]"}}, {"model": "admin.logentry", "pk": 100, "fields": {"action_time": "2020-08-20T11:16:48.357Z", "user": 2, "content_type": 7, "object_id": "17", "object_repr": "\u0412. \u041c\u043e\u043d\u0438\u0442\u043e\u0440\u0438\u043d\u0433. \u0422\u0435\u0441\u0442 \u21161", "action_flag": 1, "change_message": "[{\"added\": {}}]"}}, {"model": "admin.logentry", "pk": 101, "fields": {"action_time": "2020-08-20T11:16:58.241Z", "user": 2, "content_type": 7, "object_id": "18", "object_repr": "\u0412. \u041c\u043e\u043d\u0438\u0442\u043e\u0440\u0438\u043d\u0433. \u0422\u0435\u0441\u0442 \u21162", "action_flag": 1, "change_message": "[{\"added\": {}}]"}}, {"model": "admin.logentry", "pk": 102, "fields": {"action_time": "2020-08-20T11:17:07.085Z", "user": 2, "content_type": 7, "object_id": "19", "object_repr": "\u0412. \u041c\u043e\u043d\u0438\u0442\u043e\u0440\u0438\u043d\u0433. \u0422\u0435\u0441\u0442 \u21163", "action_flag": 1, "change_message": "[{\"added\": {}}]"}}, {"model": "admin.logentry", "pk": 103, "fields": {"action_time": "2020-08-20T11:17:25.209Z", "user": 2, "content_type": 7, "object_id": "20", "object_repr": "\u0412. \u041c\u043e\u043d\u0438\u0442\u043e\u0440\u0438\u043d\u0433. \u0422\u0435\u0441\u0442 \u21164", "action_flag": 1, "change_message": "[{\"added\": {}}]"}}, {"model": "admin.logentry", "pk": 104, "fields": {"action_time": "2020-08-20T11:18:15.385Z", "user": 2, "content_type": 7, "object_id": "21", "object_repr": "\u0421. \u041f\u043e\u0434\u0441\u0442\u0440\u043e\u043a\u0438. \u0422\u0435\u0441\u0442 \u21161", "action_flag": 1, "change_message": "[{\"added\": {}}]"}}, {"model": "admin.logentry", "pk": 105, "fields": {"action_time": "2020-08-20T11:18:23.445Z", "user": 2, "content_type": 7, "object_id": "22", "object_repr": "\u0421. \u041f\u043e\u0434\u0441\u0442\u0440\u043e\u043a\u0438. \u0422\u0435\u0441\u0442 \u21162", "action_flag": 1, "change_message": "[{\"added\": {}}]"}}, {"model": "admin.logentry", "pk": 106, "fields": {"action_time": "2020-08-20T11:18:35.101Z", "user": 2, "content_type": 7, "object_id": "23", "object_repr": "\u0421. \u041f\u043e\u0434\u0441\u0442\u0440\u043e\u043a\u0438. \u0422\u0435\u0441\u0442 \u21163", "action_flag": 1, "change_message": "[{\"added\": {}}]"}}, {"model": "admin.logentry", "pk": 107, "fields": {"action_time": "2020-08-20T11:18:47.425Z", "user": 2, "content_type": 7, "object_id": "24", "object_repr": "\u0421. \u041f\u043e\u0434\u0441\u0442\u0440\u043e\u043a\u0438. \u0422\u0435\u0441\u0442 \u21164", "action_flag": 1, "change_message": "[{\"added\": {}}]"}}, {"model": "admin.logentry", "pk": 108, "fields": {"action_time": "2020-08-20T11:19:23.877Z", "user": 2, "content_type": 7, "object_id": "25", "object_repr": "\u0410. \u041a\u0430\u043b\u044c\u043a\u0443\u043b\u044f\u0442\u043e\u0440. \u0422\u0435\u0441\u0442 \u21161", "action_flag": 1, "change_message": "[{\"added\": {}}]"}}, {"model": "admin.logentry", "pk": 109, "fields": {"action_time": "2020-08-20T11:19:33.389Z", "user": 2, "content_type": 7, "object_id": "26", "object_repr": "\u0410. \u041a\u0430\u043b\u044c\u043a\u0443\u043b\u044f\u0442\u043e\u0440. \u0422\u0435\u0441\u0442 \u21162", "action_flag": 1, "change_message": "[{\"added\": {}}]"}}, {"model": "admin.logentry", "pk": 110, "fields": {"action_time": "2020-08-20T11:19:42.049Z", "user": 2, "content_type": 7, "object_id": "27", "object_repr": "\u0410. \u041a\u0430\u043b\u044c\u043a\u0443\u043b\u044f\u0442\u043e\u0440. \u0422\u0435\u0441\u0442 \u21163", "action_flag": 1, "change_message": "[{\"added\": {}}]"}}, {"model": "admin.logentry", "pk": 111, "fields": {"action_time": "2020-08-20T11:19:51.301Z", "user": 2, "content_type": 7, "object_id": "28", "object_repr": "\u0410. \u041a\u0430\u043b\u044c\u043a\u0443\u043b\u044f\u0442\u043e\u0440. \u0422\u0435\u0441\u0442 \u21164", "action_flag": 1, "change_message": "[{\"added\": {}}]"}}, {"model": "admin.logentry", "pk": 112, "fields": {"action_time": "2020-08-20T11:20:02.473Z", "user": 2, "content_type": 7, "object_id": "29", "object_repr": "\u0412. \u0426\u0438\u043a\u043b\u044b. \u0422\u0435\u0441\u0442 \u21161", "action_flag": 1, "change_message": "[{\"added\": {}}]"}}, {"model": "admin.logentry", "pk": 113, "fields": {"action_time": "2020-08-20T11:20:11.701Z", "user": 2, "content_type": 7, "object_id": "30", "object_repr": "\u0412. \u0426\u0438\u043a\u043b\u044b. \u0422\u0435\u0441\u0442 \u21162", "action_flag": 1, "change_message": "[{\"added\": {}}]"}}, {"model": "admin.logentry", "pk": 114, "fields": {"action_time": "2020-08-20T11:20:20.414Z", "user": 2, "content_type": 7, "object_id": "31", "object_repr": "\u0412. \u0426\u0438\u043a\u043b\u044b. \u0422\u0435\u0441\u0442 \u21163", "action_flag": 1, "change_message": "[{\"added\": {}}]"}}, {"model": "admin.logentry", "pk": 115, "fields": {"action_time": "2020-08-20T11:20:29.754Z", "user": 2, "content_type": 7, "object_id": "32", "object_repr": "\u0412. \u0426\u0438\u043a\u043b\u044b. \u0422\u0435\u0441\u0442 \u21164", "action_flag": 1, "change_message": "[{\"added\": {}}]"}}, {"model": "admin.logentry", "pk": 116, "fields": {"action_time": "2020-08-20T11:23:00.789Z", "user": 2, "content_type": 8, "object_id": "7", "object_repr": "1", "action_flag": 1, "change_message": "[{\"added\": {}}]"}}, {"model": "admin.logentry", "pk": 117, "fields": {"action_time": "2020-08-20T11:23:25.997Z", "user": 2, "content_type": 8, "object_id": "8", "object_repr": "2", "action_flag": 1, "change_message": "[{\"added\": {}}]"}}, {"model": "admin.logentry", "pk": 118, "fields": {"action_time": "2020-08-20T11:23:33.789Z", "user": 2, "content_type": 8, "object_id": "9", "object_repr": "3", "action_flag": 1, "change_message": "[{\"added\": {}}]"}}, {"model": "admin.logentry", "pk": 119, "fields": {"action_time": "2020-08-20T11:24:01.029Z", "user": 2, "content_type": 8, "object_id": "10", "object_repr": "1", "action_flag": 1, "change_message": "[{\"added\": {}}]"}}, {"model": "admin.logentry", "pk": 120, "fields": {"action_time": "2020-08-20T11:24:15.005Z", "user": 2, "content_type": 8, "object_id": "11", "object_repr": "2", "action_flag": 1, "change_message": "[{\"added\": {}}]"}}, {"model": "admin.logentry", "pk": 121, "fields": {"action_time": "2020-08-20T11:24:24.745Z", "user": 2, "content_type": 8, "object_id": "12", "object_repr": "3", "action_flag": 1, "change_message": "[{\"added\": {}}]"}}, {"model": "admin.logentry", "pk": 122, "fields": {"action_time": "2020-08-20T11:24:43.841Z", "user": 2, "content_type": 8, "object_id": "13", "object_repr": "1", "action_flag": 1, "change_message": "[{\"added\": {}}]"}}, {"model": "admin.logentry", "pk": 123, "fields": {"action_time": "2020-08-20T11:24:49.220Z", "user": 2, "content_type": 8, "object_id": "14", "object_repr": "2", "action_flag": 1, "change_message": "[{\"added\": {}}]"}}, {"model": "admin.logentry", "pk": 124, "fields": {"action_time": "2020-08-20T11:24:58.316Z", "user": 2, "content_type": 8, "object_id": "15", "object_repr": "3", "action_flag": 1, "change_message": "[{\"added\": {}}]"}}, {"model": "admin.logentry", "pk": 125, "fields": {"action_time": "2020-08-20T11:25:24.913Z", "user": 2, "content_type": 8, "object_id": "16", "object_repr": "1", "action_flag": 1, "change_message": "[{\"added\": {}}]"}}, {"model": "admin.logentry", "pk": 126, "fields": {"action_time": "2020-08-20T11:25:31.482Z", "user": 2, "content_type": 8, "object_id": "17", "object_repr": "2", "action_flag": 1, "change_message": "[{\"added\": {}}]"}}, {"model": "admin.logentry", "pk": 127, "fields": {"action_time": "2020-08-20T11:25:37.284Z", "user": 2, "content_type": 8, "object_id": "18", "object_repr": "3", "action_flag": 1, "change_message": "[{\"added\": {}}]"}}, {"model": "admin.logentry", "pk": 128, "fields": {"action_time": "2020-08-20T11:25:44.104Z", "user": 2, "content_type": 8, "object_id": "19", "object_repr": "1", "action_flag": 1, "change_message": "[{\"added\": {}}]"}}, {"model": "admin.logentry", "pk": 129, "fields": {"action_time": "2020-08-20T11:38:57.956Z", "user": 2, "content_type": 8, "object_id": "20", "object_repr": "2", "action_flag": 1, "change_message": "[{\"added\": {}}]"}}, {"model": "admin.logentry", "pk": 130, "fields": {"action_time": "2020-08-20T11:39:08.661Z", "user": 2, "content_type": 8, "object_id": "21", "object_repr": "3", "action_flag": 1, "change_message": "[{\"added\": {}}]"}}, {"model": "admin.logentry", "pk": 131, "fields": {"action_time": "2020-08-20T11:39:16.898Z", "user": 2, "content_type": 8, "object_id": "22", "object_repr": "4", "action_flag": 1, "change_message": "[{\"added\": {}}]"}}, {"model": "admin.logentry", "pk": 132, "fields": {"action_time": "2020-08-20T11:39:25.347Z", "user": 2, "content_type": 8, "object_id": "22", "object_repr": "4", "action_flag": 3, "change_message": ""}}, {"model": "admin.logentry", "pk": 133, "fields": {"action_time": "2020-08-20T11:39:33.245Z", "user": 2, "content_type": 8, "object_id": "23", "object_repr": "1", "action_flag": 1, "change_message": "[{\"added\": {}}]"}}, {"model": "admin.logentry", "pk": 134, "fields": {"action_time": "2020-08-20T11:39:40.265Z", "user": 2, "content_type": 8, "object_id": "24", "object_repr": "2", "action_flag": 1, "change_message": "[{\"added\": {}}]"}}, {"model": "admin.logentry", "pk": 135, "fields": {"action_time": "2020-08-20T11:39:45.477Z", "user": 2, "content_type": 8, "object_id": "25", "object_repr": "3", "action_flag": 1, "change_message": "[{\"added\": {}}]"}}, {"model": "admin.logentry", "pk": 136, "fields": {"action_time": "2020-08-20T11:44:05.097Z", "user": 2, "content_type": 4, "object_id": "6", "object_repr": "1. \u0412\u0432\u0435\u0434\u0435\u043d\u0438\u0435. \u0421\u043b\u043e\u0436\u043d\u043e\u0441\u0442\u044c \u0430\u043b\u0433\u043e\u0440\u0438\u0442\u043c\u043e\u0432. \u041e\u0441\u043d\u043e\u0432\u043d\u044b\u0435 \u0441\u0442\u0440\u0443\u043a\u0442\u0443\u0440\u044b \u0434\u0430\u043d\u043d\u044b\u0445", "action_flag": 1, "change_message": "[{\"added\": {}}]"}}, {"model": "admin.logentry", "pk": 137, "fields": {"action_time": "2020-08-20T11:44:30.692Z", "user": 2, "content_type": 4, "object_id": "7", "object_repr": "2. \u0416\u0430\u0434\u043d\u044b\u0435 \u0430\u043b\u0433\u043e\u0440\u0438\u0442\u043c\u044b. \u0420\u0435\u043a\u0443\u0440\u0441\u0438\u044f.", "action_flag": 1, "change_message": "[{\"added\": {}}]"}}, {"model": "admin.logentry", "pk": 138, "fields": {"action_time": "2020-08-20T11:44:45.372Z", "user": 2, "content_type": 4, "object_id": "8", "object_repr": "3. \u0421\u043e\u0440\u0442\u0438\u0440\u043e\u0432\u043a\u0438", "action_flag": 1, "change_message": "[{\"added\": {}}]"}}, {"model": "admin.logentry", "pk": 139, "fields": {"action_time": "2020-08-20T11:44:58.761Z", "user": 2, "content_type": 4, "object_id": "9", "object_repr": "4. \u0414\u0435\u0440\u0435\u0432\u044c\u044f", "action_flag": 1, "change_message": "[{\"added\": {}}]"}}, {"model": "admin.logentry", "pk": 140, "fields": {"action_time": "2020-08-20T11:45:09.616Z", "user": 2, "content_type": 4, "object_id": "10", "object_repr": "5. \u0425\u0435\u0448-\u0444\u0443\u043d\u043a\u0446\u0438\u0438", "action_flag": 1, "change_message": "[{\"added\": {}}]"}}, {"model": "admin.logentry", "pk": 141, "fields": {"action_time": "2020-08-20T11:45:42.061Z", "user": 2, "content_type": 4, "object_id": "11", "object_repr": "6. \u0410\u043b\u0433\u043e\u0440\u0438\u0442\u043c\u044b \u043d\u0430 \u0441\u0442\u0440\u043e\u043a\u0430\u0445", "action_flag": 1, "change_message": "[{\"added\": {}}]"}}, {"model": "admin.logentry", "pk": 142, "fields": {"action_time": "2020-08-20T11:45:56.244Z", "user": 2, "content_type": 4, "object_id": "12", "object_repr": "7. \u0413\u0440\u0430\u0444\u044b", "action_flag": 1, "change_message": "[{\"added\": {}}]"}}, {"model": "admin.logentry", "pk": 143, "fields": {"action_time": "2020-08-20T11:46:17.562Z", "user": 2, "content_type": 5, "object_id": "1", "object_repr": "18338. \u0422\u0438\u043f\u0438\u0447\u043d\u044b\u0435 \u0437\u0430\u0434\u0430\u0447\u0438 \u0441 \u0441\u043e\u0431\u0435\u0441\u0435\u0434\u043e\u0432\u0430\u043d\u0438\u0439", "action_flag": 2, "change_message": "[{\"changed\": {\"fields\": [\"\\u0421\\u043f\\u0440\\u0438\\u043d\\u0442\"]}}]"}}, {"model": "admin.logentry", "pk": 144, "fields": {"action_time": "2020-08-20T11:46:31.027Z", "user": 2, "content_type": 5, "object_id": "2", "object_repr": "18337. \u0411\u0430\u0437\u043e\u0432\u044b\u0435 \u0441\u0442\u0440\u0443\u043a\u0442\u0443\u0440\u044b \u0434\u0430\u043d\u043d\u044b\u0445", "action_flag": 2, "change_message": "[{\"changed\": {\"fields\": [\"\\u0421\\u043f\\u0440\\u0438\\u043d\\u0442\"]}}]"}}, {"model": "admin.logentry", "pk": 145, "fields": {"action_time": "2020-08-20T11:46:35.514Z", "user": 2, "content_type": 5, "object_id": "3", "object_repr": "18357. \u0421\u043f\u0440\u0438\u043d\u0442 12. \u0424\u0438\u043d\u0430\u043b\u044c\u043d\u044b\u0435 \u0437\u0430\u0434\u0430\u0447\u0438", "action_flag": 2, "change_message": "[{\"changed\": {\"fields\": [\"\\u0421\\u043f\\u0440\\u0438\\u043d\\u0442\"]}}]"}}, {"model": "admin.logentry", "pk": 146, "fields": {"action_time": "2020-08-20T11:46:46.650Z", "user": 2, "content_type": 5, "object_id": "4", "object_repr": "18360. \u0416\u0430\u0434\u043d\u044b\u0435 \u0430\u043b\u0433\u043e\u0440\u0438\u0442\u043c\u044b", "action_flag": 2, "change_message": "[{\"changed\": {\"fields\": [\"\\u0421\\u043f\\u0440\\u0438\\u043d\\u0442\"]}}]"}}, {"model": "admin.logentry", "pk": 147, "fields": {"action_time": "2020-08-20T11:46:50.059Z", "user": 2, "content_type": 5, "object_id": "5", "object_repr": "18359. \u0420\u0435\u043a\u0443\u0440\u0441\u0438\u044f", "action_flag": 2, "change_message": "[{\"changed\": {\"fields\": [\"\\u0421\\u043f\\u0440\\u0438\\u043d\\u0442\"]}}]"}}, {"model": "admin.logentry", "pk": 148, "fields": {"action_time": "2020-08-20T11:46:54.310Z", "user": 2, "content_type": 5, "object_id": "6", "object_repr": "18358. \u0421\u043f\u0440\u0438\u043d\u0442 13. \u0424\u0438\u043d\u0430\u043b\u044c\u043d\u044b\u0435 \u0437\u0430\u0434\u0430\u0447\u0438", "action_flag": 2, "change_message": "[{\"changed\": {\"fields\": [\"\\u0421\\u043f\\u0440\\u0438\\u043d\\u0442\"]}}]"}}, {"model": "admin.logentry", "pk": 149, "fields": {"action_time": "2020-08-20T11:47:04.583Z", "user": 2, "content_type": 5, "object_id": "7", "object_repr": "18899. \u0421\u043e\u0440\u0442\u0438\u0440\u043e\u0432\u043a\u0438", "action_flag": 2, "change_message": "[{\"changed\": {\"fields\": [\"\\u0421\\u043f\\u0440\\u0438\\u043d\\u0442\"]}}]"}}, {"model": "admin.logentry", "pk": 150, "fields": {"action_time": "2020-08-20T11:47:07.850Z", "user": 2, "content_type": 5, "object_id": "8", "object_repr": "18970. \u0421\u043f\u0440\u0438\u043d\u0442 14. \u0424\u0438\u043d\u0430\u043b\u044c\u043d\u044b\u0435 \u0437\u0430\u0434\u0430\u0447\u0438", "action_flag": 2, "change_message": "[{\"changed\": {\"fields\": [\"\\u0421\\u043f\\u0440\\u0438\\u043d\\u0442\"]}}]"}}, {"model": "admin.logentry", "pk": 151, "fields": {"action_time": "2020-08-20T11:47:12.266Z", "user": 2, "content_type": 5, "object_id": "9", "object_repr": "18996. \u0414\u0435\u0440\u0435\u0432\u044c\u044f", "action_flag": 2, "change_message": "[{\"changed\": {\"fields\": [\"\\u0421\\u043f\\u0440\\u0438\\u043d\\u0442\"]}}]"}}, {"model": "admin.logentry", "pk": 152, "fields": {"action_time": "2020-08-20T11:47:18.139Z", "user": 2, "content_type": 5, "object_id": "10", "object_repr": "19044. \u0421\u043f\u0440\u0438\u043d\u0442 15. \u0424\u0438\u043d\u0430\u043b\u044c\u043d\u044b\u0435 \u0437\u0430\u0434\u0430\u0447\u0438", "action_flag": 2, "change_message": "[{\"changed\": {\"fields\": [\"\\u0421\\u043f\\u0440\\u0438\\u043d\\u0442\"]}}]"}}, {"model": "admin.logentry", "pk": 153, "fields": {"action_time": "2020-08-20T11:47:24.102Z", "user": 2, "content_type": 5, "object_id": "10", "object_repr": "19044. \u0421\u043f\u0440\u0438\u043d\u0442 15. \u0424\u0438\u043d\u0430\u043b\u044c\u043d\u044b\u0435 \u0437\u0430\u0434\u0430\u0447\u0438", "action_flag": 2, "change_message": "[]"}}, {"model": "admin.logentry", "pk": 154, "fields": {"action_time": "2020-08-20T11:47:33.107Z", "user": 2, "content_type": 5, "object_id": "11", "object_repr": "19095. \u0425\u0435\u0448-\u0444\u0443\u043d\u043a\u0446\u0438\u0438", "action_flag": 2, "change_message": "[{\"changed\": {\"fields\": [\"\\u0421\\u043f\\u0440\\u0438\\u043d\\u0442\"]}}]"}}, {"model": "admin.logentry", "pk": 155, "fields": {"action_time": "2020-08-20T11:48:02.769Z", "user": 2, "content_type": 5, "object_id": "12", "object_repr": "19096. \u0421\u043f\u0440\u0438\u043d\u0442 5. \u0424\u0438\u043d\u0430\u043b\u044c\u043d\u044b\u0435 \u0437\u0430\u0434\u0430\u0447\u0438", "action_flag": 1, "change_message": "[{\"added\": {}}]"}}, {"model": "admin.logentry", "pk": 156, "fields": {"action_time": "2020-08-20T11:48:21.646Z", "user": 2, "content_type": 5, "object_id": "13", "object_repr": "19097. \u0410\u043b\u0433\u043e\u0440\u0438\u0442\u043c\u044b \u043d\u0430 \u0441\u0442\u0440\u043e\u043a\u0430\u0445", "action_flag": 1, "change_message": "[{\"added\": {}}]"}}, {"model": "admin.logentry", "pk": 157, "fields": {"action_time": "2020-08-20T11:48:53.769Z", "user": 2, "content_type": 5, "object_id": "14", "object_repr": "19098. \u0421\u043f\u0440\u0438\u043d\u0442 6. \u0424\u0438\u043d\u0430\u043b\u044c\u043d\u044b\u0435 \u0437\u0430\u0434\u0430\u0447\u0438", "action_flag": 1, "change_message": "[{\"added\": {}}]"}}, {"model": "admin.logentry", "pk": 158, "fields": {"action_time": "2020-08-20T11:49:14.516Z", "user": 2, "content_type": 5, "object_id": "15", "object_repr": "19099. \u0413\u0440\u0430\u0444\u044b", "action_flag": 1, "change_message": "[{\"added\": {}}]"}}, {"model": "admin.logentry", "pk": 159, "fields": {"action_time": "2020-08-20T11:49:50.174Z", "user": 2, "content_type": 5, "object_id": "15", "object_repr": "19099. \u0413\u0440\u0430\u0444\u044b", "action_flag": 2, "change_message": "[{\"changed\": {\"fields\": [\"\\u0421\\u043f\\u0440\\u0438\\u043d\\u0442\"]}}]"}}, {"model": "admin.logentry", "pk": 160, "fields": {"action_time": "2020-08-20T11:52:35.883Z", "user": 2, "content_type": 1, "object_id": "2", "object_repr": "Frontend", "action_flag": 1, "change_message": "[{\"added\": {}}]"}}, {"model": "admin.logentry", "pk": 161, "fields": {"action_time": "2020-08-20T11:52:51.980Z", "user": 2, "content_type": 2, "object_id": "3", "object_repr": "Full-stack \u0440\u0430\u0437\u0440\u0430\u0431\u043e\u0442\u0447\u0438\u043a", "action_flag": 1, "change_message": "[{\"added\": {}}]"}}, {"model": "admin.logentry", "pk": 162, "fields": {"action_time": "2020-08-20T11:53:02.233Z", "user": 2, "content_type": 3, "object_id": "13", "object_repr": "\u0414\u043c\u0438\u0442\u0440\u0438\u0439 \u0411\u0440\u0435\u0437\u0433\u0443\u043d\u043e\u0432, \u043a\u043e\u0433\u043e\u0440\u0442\u0430 1", "action_flag": 2, "change_message": "[{\"changed\": {\"fields\": [\"\\u0421\\u043f\\u0435\\u0446\\u0438\\u0430\\u043b\\u044c\\u043d\\u043e\\u0441\\u0442\\u044c\"]}}]"}}, {"model": "admin.logentry", "pk": 163, "fields": {"action_time": "2020-08-20T11:53:21.891Z", "user": 2, "content_type": 3, "object_id": "13", "object_repr": "\u0414\u043c\u0438\u0442\u0440\u0438\u0439 \u0411\u0440\u0435\u0437\u0433\u0443\u043d\u043e\u0432, \u043a\u043e\u0433\u043e\u0440\u0442\u0430 1", "action_flag": 2, "change_message": "[{\"changed\": {\"fields\": [\"\\u0421\\u043f\\u0435\\u0446\\u0438\\u0430\\u043b\\u044c\\u043d\\u043e\\u0441\\u0442\\u044c\"]}}]"}}, {"model": "admin.logentry", "pk": 164, "fields": {"action_time": "2020-08-21T05:32:48.840Z", "user": 2, "content_type": 3, "object_id": "11", "object_repr": "\u041d\u0438\u043a\u043e\u043b\u0430\u0439 \u0417\u0438\u043c\u0438\u043d, \u043a\u043e\u0433\u043e\u0440\u0442\u0430 1", "action_flag": 3, "change_message": ""}}, {"model": "admin.logentry", "pk": 165, "fields": {"action_time": "2020-08-21T10:26:21.709Z", "user": 2, "content_type": 3, "object_id": "15", "object_repr": "\u041d\u0438\u043a\u043e\u043b\u0430\u0439 \u0417\u0438\u043c\u0438\u043d, \u043a\u043e\u0433\u043e\u0440\u0442\u0430 1", "action_flag": 3, "change_message": ""}}, {"model": "admin.logentry", "pk": 166, "fields": {"action_time": "2020-08-21T12:09:49.626Z", "user": 2, "content_type": 3, "object_id": "17", "object_repr": "\u041d\u0438\u043a\u043e\u043b\u0430\u0439 \u0417\u0438\u043c\u0438\u043d, \u043a\u043e\u0433\u043e\u0440\u0442\u0430 1", "action_flag": 3, "change_message": ""}}, {"model": "admin.logentry", "pk": 167, "fields": {"action_time": "2020-08-22T12:59:48.216Z", "user": 2, "content_type": 4, "object_id": "13", "object_repr": "1. \u0414\u043b\u0438\u043d\u043d\u043e\u0435 \u043d\u0430\u0437\u0432\u0430\u043d\u0438\u0435 \u0441\u043f\u0440\u0438\u043d\u0442\u0430 \u0434\u043b\u044f \u043f\u0440\u043e\u0432\u0435\u0440\u043a\u0438 \u043e\u0442\u043e\u0431\u0440\u0430\u0436\u0435\u043d\u0438\u044f \u0435\u0433\u043e \u043d\u0430\u0437\u0432\u0430\u043d\u0438\u044f \u0432 \u0444\u043e\u0440\u043c\u0435", "action_flag": 1, "change_message": "[{\"added\": {}}]"}}, {"model": "admin.logentry", "pk": 168, "fields": {"action_time": "2020-08-22T13:02:02.701Z", "user": 2, "content_type": 4, "object_id": "14", "object_repr": "2. \u0415\u0449\u0435 \u0431\u043e\u043b\u0435\u0435 \u0434\u043b\u0438\u043d\u043d\u043e\u0435 \u043d\u0430\u0437\u0432\u0430\u043d\u0438\u0435 \u0441\u043f\u0440\u0438\u043d\u0442\u0430 \u0434\u043b\u044f \u043f\u0440\u043e\u0432\u0435\u0440\u043a\u0438 \u043e\u0442\u043e\u0431\u0440\u0430\u0436\u0435\u043d\u0438\u044f \u0435\u0433\u043e \u043d\u0430\u0437\u0432\u0430\u043d\u0438\u044f \u0432 \u0444\u043e\u0440\u043c\u0435 \u0434\u043b\u044f \u043f\u043e\u043b\u0443\u0447\u0435\u043d\u0438\u044f \u0442\u0435\u0441\u0442\u0430 \u0438\u043b\u0438 \u043f\u043e\u0434\u0441\u043a\u0430\u0437\u043a\u0438 \u043e\u0442 \u0431\u043e\u0442\u0430 \u0438\u0437 \u0431\u0430\u0437\u044b \u0434\u0430\u043d\u043d\u044b\u0445 \u0432 \u0441\u043b\u0430\u043a\u0435", "action_flag": 1, "change_message": "[{\"added\": {}}]"}}, {"model": "admin.logentry", "pk": 169, "fields": {"action_time": "2020-08-22T13:03:18.020Z", "user": 2, "content_type": 4, "object_id": "14", "object_repr": "2. \u0415\u0449\u0435 \u0431\u043e\u043b\u0435\u0435 \u0434\u043b\u0438\u043d\u043d\u043e\u0435 \u043d\u0430\u0437\u0432\u0430\u043d\u0438\u0435 \u0441\u043f\u0440\u0438\u043d\u0442\u0430 \u0434\u043b\u044f \u043f\u0440\u043e\u0432\u0435\u0440\u043a\u0438 \u043e\u0442\u043e\u0431\u0440\u0430\u0436\u0435\u043d\u0438\u044f \u0435\u0433\u043e \u043d\u0430\u0437\u0432\u0430\u043d\u0438\u044f \u0432 \u0444\u043e\u0440\u043c\u0435 \u0434\u043b\u044f \u043f\u043e\u043b\u0443\u0447\u0435\u043d\u0438\u044f \u0442\u0435\u0441\u0442\u0430 \u0438\u043b\u0438 \u043f\u043e\u0434\u0441\u043a\u0430\u0437\u043a\u0438 \u043e\u0442 \u0431\u043e\u0442\u0430 \u0438\u0437 \u0431\u0430\u0437\u044b \u0434\u0430\u043d\u043d\u044b\u0445 \u0432 \u0441\u043b\u0430\u043a\u0435", "action_flag": 3, "change_message": ""}}, {"model": "admin.logentry", "pk": 170, "fields": {"action_time": "2020-08-22T13:04:52.755Z", "user": 2, "content_type": 4, "object_id": "15", "object_repr": "2. \u0415\u0449\u0435 \u0431\u043e\u043b\u0435\u0435 \u0434\u043b\u0438\u043d\u043d\u043e\u0435 \u043d\u0430\u0437\u0432\u0430\u043d\u0438\u0435 \u0441\u043f\u0440\u0438\u043d\u0442\u0430 \u0434\u043b\u044f \u043f\u0440\u043e\u0432\u0435\u0440\u043a\u0438 \u043e\u0442\u043e\u0431\u0440\u0430\u0436\u0435\u043d\u0438\u044f \u0435\u0433\u043e \u043d\u0430\u0437\u0432\u0430\u043d\u0438\u044f \u0432 \u0444\u043e\u0440\u043c\u0435 \u0434\u043b\u044f \u043f\u043e\u043b\u0443\u0447\u0435\u043d\u0438\u044f \u0442\u0435\u0441\u0442\u0430 \u0438\u043b\u0438 \u043f\u043e\u0434\u0441\u043a\u0430\u0437\u043a\u0438 \u043e\u0442 \u0431\u043e\u0442\u0430 \u0438\u0437 \u0431\u0430\u0437\u044b \u0434\u0430\u043d\u043d\u044b\u0445 \u0432 \u0441\u043b\u0430\u043a\u0435", "action_flag": 1, "change_message": "[{\"added\": {}}]"}}, {"model": "admin.logentry", "pk": 171, "fields": {"action_time": "2020-08-22T13:07:10.022Z", "user": 2, "content_type": 4, "object_id": "15", "object_repr": "2. \u0415\u0449\u0435 \u0431\u043e\u043b\u0435\u0435 \u0434\u043b\u0438\u043d\u043d\u043e\u0435 \u043d\u0430\u0437\u0432\u0430\u043d\u0438\u0435 \u0441\u043f\u0440\u0438\u043d\u0442\u0430 \u0434\u043b\u044f \u043f\u0440\u043e\u0432\u0435\u0440\u043a\u0438 \u043e\u0442\u043e\u0431\u0440\u0430\u0436\u0435\u043d\u0438\u044f \u0435\u0433\u043e \u043d\u0430\u0437\u0432\u0430\u043d\u0438\u044f \u0432 \u0444\u043e\u0440\u043c\u0435 \u0434\u043b\u044f \u043f\u043e\u043b\u0443\u0447\u0435\u043d\u0438\u044f \u0442\u0435\u0441\u0442\u0430 \u0438\u043b\u0438 \u043f\u043e\u0434\u0441\u043a\u0430\u0437\u043a\u0438 \u043e\u0442 \u0431\u043e\u0442\u0430 \u0438\u0437 \u0431\u0430\u0437\u044b \u0434\u0430\u043d\u043d\u044b\u0445 \u0432 \u0441\u043b\u0430\u043a\u0435", "action_flag": 3, "change_message": ""}}, {"model": "admin.logentry", "pk": 172, "fields": {"action_time": "2020-08-22T13:08:00.348Z", "user": 2, "content_type": 4, "object_id": "16", "object_repr": "1. \u0414\u043b\u0438\u043d\u043d\u043e\u0435 \u043d\u0430\u0437\u0432\u0430\u043d\u0438\u0435 \u0441\u043f\u0440\u0438\u043d\u0442\u0430 \u0434\u043b\u044f \u043f\u0440\u043e\u0432\u0435\u0440\u043a\u0438 \u043e\u0442\u043e\u0431\u0440\u0430\u0436\u0435\u043d\u0438\u044f \u0435\u0433\u043e \u043d\u0430\u0437\u0432\u0430\u043d\u0438\u044f \u0432 \u0444\u043e\u0440\u043c\u0435 \u0438 \u0435\u0449\u0435 \u0447\u0443\u0442\u043e\u043a \u0434\u043b\u044f \u043f\u0440\u043e\u0432\u0435\u0440\u043a\u0438", "action_flag": 1, "change_message": "[{\"added\": {}}]"}}, {"model": "admin.logentry", "pk": 173, "fields": {"action_time": "2020-08-22T13:08:27.584Z", "user": 2, "content_type": 4, "object_id": "16", "object_repr": "1. \u0414\u043b\u0438\u043d\u043d\u043e\u0435 \u043d\u0430\u0437\u0432\u0430\u043d\u0438\u0435 \u0441\u043f\u0440\u0438\u043d\u0442\u0430 \u0434\u043b\u044f \u043f\u0440\u043e\u0432\u0435\u0440\u043a\u0438 \u043e\u0442\u043e\u0431\u0440\u0430\u0436\u0435\u043d\u0438\u044f \u0435\u0433\u043e \u043d\u0430\u0437\u0432\u0430\u043d\u0438\u044f \u0432 \u0444\u043e\u0440\u043c\u0435 \u0438 \u0435\u0449\u0435 \u0447\u0443\u0442\u043e\u043a \u0434\u043b\u044f \u043f\u0440\u043e\u0432\u0435\u0440\u043a\u0438", "action_flag": 3, "change_message": ""}}, {"model": "admin.logentry", "pk": 174, "fields": {"action_time": "2020-08-22T13:08:42.947Z", "user": 2, "content_type": 4, "object_id": "17", "object_repr": "1. \u0414\u043b\u0438\u043d\u043d\u043e\u0435 \u043d\u0430\u0437\u0432\u0430\u043d\u0438\u0435 \u0441\u043f\u0440\u0438\u043d\u0442\u0430 \u0434\u043b\u044f \u043f\u0440\u043e\u0432\u0435\u0440\u043a\u0438 \u043e\u0442\u043e\u0431\u0440\u0430\u0436\u0435\u043d\u0438\u044f \u0435\u0433\u043e \u043d\u0430\u0437\u0432\u0430\u043d\u0438\u044f \u0432", "action_flag": 1, "change_message": "[{\"added\": {}}]"}}, {"model": "admin.logentry", "pk": 175, "fields": {"action_time": "2020-08-22T13:09:53.729Z", "user": 2, "content_type": 4, "object_id": "17", "object_repr": "1. \u0414\u043b\u0438\u043d\u043d\u043e\u0435 \u043d\u0430\u0437\u0432\u0430\u043d\u0438\u0435 \u0441\u043f\u0440\u0438\u043d\u0442\u0430 \u0434\u043b\u044f \u043f\u0440\u043e\u0432\u0435\u0440\u043a\u0438 \u043e\u0442\u043e\u0431\u0440\u0430\u0436\u0435\u043d\u0438\u044f \u0435\u0433\u043e \u043d\u0430\u0437\u0432\u0430\u043d\u0438\u044f \u0432", "action_flag": 3, "change_message": ""}}, {"model": "admin.logentry", "pk": 176, "fields": {"action_time": "2020-08-22T13:11:02.392Z", "user": 2, "content_type": 5, "object_id": "16", "object_repr": "900. \u0414\u043b\u0438\u043d\u043d\u043e\u0435 \u043d\u0430\u0437\u0432\u0430\u043d\u0438\u0435 \u0441\u043f\u0440\u0438\u043d\u0442\u0430 \u0434\u043b\u044f \u043f\u0440\u043e\u0432\u0435\u0440\u043a\u0438 \u043e\u0442\u043e\u0431\u0440\u0430\u0436\u0435\u043d\u0438\u044f \u0435\u0433\u043e \u043d\u0430\u0437\u0432\u0430\u043d\u0438\u044f \u0432 \u0444\u043e\u0440\u043c\u0435", "action_flag": 1, "change_message": "[{\"added\": {}}]"}}, {"model": "admin.logentry", "pk": 177, "fields": {"action_time": "2020-08-22T13:11:13.477Z", "user": 2, "content_type": 5, "object_id": "16", "object_repr": "900. \u0414\u043b\u0438\u043d\u043d\u043e\u0435 \u043d\u0430\u0437\u0432\u0430\u043d\u0438\u0435 \u0441\u043f\u0440\u0438\u043d\u0442\u0430 \u0434\u043b\u044f \u043f\u0440\u043e\u0432\u0435\u0440\u043a\u0438 \u043e\u0442\u043e\u0431\u0440\u0430\u0436\u0435\u043d\u0438\u044f \u0435\u0433\u043e \u043d\u0430\u0437\u0432\u0430\u043d\u0438\u044f \u0432 \u0444\u043e\u0440\u043c\u0435", "action_flag": 3, "change_message": ""}}, {"model": "admin.logentry", "pk": 178, "fields": {"action_time": "2020-08-22T13:11:45.180Z", "user": 2, "content_type": 5, "object_id": "17", "object_repr": "19909. \u0414\u043b\u0438\u043d\u043d\u043e\u0435 \u043d\u0430\u0437\u0432\u0430\u043d\u0438\u0435 \u043a\u043e\u043d\u0442\u0435\u0441\u0442\u0430 \u0434\u043b\u044f \u043f\u0440\u043e\u0432\u0435\u0440\u043a\u0438 \u043e\u0442\u043e\u0431\u0440\u0430\u0436\u0435\u043d\u0438\u044f \u0435\u0433\u043e \u043d\u0430\u0437\u0432\u0430\u043d\u0438\u044f \u0432 \u0444\u043e\u0440\u043c\u0435", "action_flag": 1, "change_message": "[{\"added\": {}}]"}}, {"model": "admin.logentry", "pk": 179, "fields": {"action_time": "2020-08-22T13:12:41.120Z", "user": 2, "content_type": 5, "object_id": "17", "object_repr": "19909. \u0414\u043b\u0438\u043d\u043d\u043e\u0435 \u043d\u0430\u0437\u0432\u0430\u043d\u0438\u0435 \u043a\u043e\u043d\u0442\u0435\u0441\u0442\u0430 \u0434\u043b\u044f \u043f\u0440\u043e\u0432\u0435\u0440\u043a\u0438 \u043e\u0442\u043e\u0431\u0440\u0430\u0436\u0435\u043d\u0438\u044f \u0435\u0433\u043e \u043d\u0430\u0437\u0432\u0430\u043d\u0438\u044f \u0432 \u0444\u043e\u0440\u043c\u0435", "action_flag": 2, "change_message": "[]"}}, {"model": "admin.logentry", "pk": 180, "fields": {"action_time": "2020-08-22T13:13:04.687Z", "user": 2, "content_type": 5, "object_id": "17", "object_repr": "19909. \u0414\u043b\u0438\u043d\u043d\u043e\u0435 \u043d\u0430\u0437\u0432\u0430\u043d\u0438\u0435 \u043a\u043e\u043d\u0442\u0435\u0441\u0442\u0430 \u0434\u043b\u044f \u043f\u0440\u043e\u0432\u0435\u0440\u043a\u0438", "action_flag": 2, "change_message": "[{\"changed\": {\"fields\": [\"\\u041d\\u0430\\u0437\\u0432\\u0430\\u043d\\u0438\\u0435 \\u043a\\u043e\\u043d\\u0442\\u0435\\u0441\\u0442\\u0430\"]}}]"}}, {"model": "admin.logentry", "pk": 181, "fields": {"action_time": "2020-08-22T13:13:20.398Z", "user": 2, "content_type": 5, "object_id": "17", "object_repr": "19909. \u0414\u043b\u0438\u043d\u043d\u043e\u0435 \u043d\u0430\u0437\u0432\u0430\u043d\u0438\u0435 \u043a\u043e\u043d\u0442\u0435\u0441\u0442\u0430 \u0434\u043b\u044f \u043f\u0440\u043e\u0432\u0435\u0440\u043a\u0438 \u043e\u0442\u043e\u0431\u0440\u0430\u0436\u0435\u043d\u0438\u044f", "action_flag": 2, "change_message": "[{\"changed\": {\"fields\": [\"\\u041d\\u0430\\u0437\\u0432\\u0430\\u043d\\u0438\\u0435 \\u043a\\u043e\\u043d\\u0442\\u0435\\u0441\\u0442\\u0430\"]}}]"}}, {"model": "admin.logentry", "pk": 182, "fields": {"action_time": "2020-08-22T13:14:11.213Z", "user": 2, "content_type": 5, "object_id": "17", "object_repr": "19909. \u0414\u043b\u0438\u043d\u043d\u043e\u0435 \u043d\u0430\u0437\u0432\u0430\u043d\u0438\u0435 \u043a\u043e\u043d\u0442\u0435\u0441\u0442\u0430 \u0434\u043b\u044f \u043f\u0440\u043e\u0432\u0435\u0440\u043a\u0438 \u043e\u0442\u043e\u0431\u0440\u0430\u0436\u0435\u043d\u0438\u044f \u0435\u0433\u043e", "action_flag": 2, "change_message": "[{\"changed\": {\"fields\": [\"\\u041d\\u0430\\u0437\\u0432\\u0430\\u043d\\u0438\\u0435 \\u043a\\u043e\\u043d\\u0442\\u0435\\u0441\\u0442\\u0430\"]}}]"}}, {"model": "admin.logentry", "pk": 183, "fields": {"action_time": "2020-08-22T13:14:26.052Z", "user": 2, "content_type": 5, "object_id": "17", "object_repr": "19909. \u0414\u043b\u0438\u043d\u043d\u043e\u0435 \u043d\u0430\u0437\u0432\u0430\u043d\u0438\u0435 \u043a\u043e\u043d\u0442\u0435\u0441\u0442\u0430 \u0434\u043b\u044f \u043f\u0440\u043e\u0432\u0435\u0440\u043a\u0438 \u043e\u0442\u043e\u0431\u0440\u0430\u0436\u0435\u043d\u0438\u044f \u0435\u0433\u043e \u043d\u0430\u0437\u0432\u0430\u043d\u0438\u044f", "action_flag": 2, "change_message": "[{\"changed\": {\"fields\": [\"\\u041d\\u0430\\u0437\\u0432\\u0430\\u043d\\u0438\\u0435 \\u043a\\u043e\\u043d\\u0442\\u0435\\u0441\\u0442\\u0430\"]}}]"}}, {"model": "admin.logentry", "pk": 184, "fields": {"action_time": "2020-08-22T13:15:16.213Z", "user": 2, "content_type": 5, "object_id": "17", "object_repr": "19909. \u0414\u043b\u0438\u043d\u043d\u043e\u0435 \u043d\u0430\u0437\u0432\u0430\u043d\u0438\u0435 \u043a\u043e\u043d\u0442\u0435\u0441\u0442\u0430 \u0434\u043b\u044f \u043f\u0440\u043e\u0432\u0435\u0440\u043a\u0438 \u043e\u0442\u043e\u0431\u0440\u0430\u0436\u0435\u043d\u0438\u044f \u0435\u0433\u043e \u043d\u0430\u0437\u0432\u0430\u043d\u0438\u044f \u0438 \u0435\u0449\u0435 \u0442\u0435\u043a\u0441\u0442", "action_flag": 2, "change_message": "[{\"changed\": {\"fields\": [\"\\u041d\\u0430\\u0437\\u0432\\u0430\\u043d\\u0438\\u0435 \\u043a\\u043e\\u043d\\u0442\\u0435\\u0441\\u0442\\u0430\"]}}]"}}, {"model": "admin.logentry", "pk": 185, "fields": {"action_time": "2020-08-22T13:15:48.502Z", "user": 2, "content_type": 5, "object_id": "17", "object_repr": "19909. \u0414\u043b\u0438\u043d\u043d\u043e\u0435 \u043d\u0430\u0437\u0432\u0430\u043d\u0438\u0435 \u043a\u043e\u043d\u0442\u0435\u0441\u0442\u0430 \u0434\u043b\u044f \u043f\u0440\u043e\u0432\u0435\u0440\u043a\u0438 \u043e\u0442\u043e\u0431\u0440\u0430\u0436\u0435\u043d\u0438\u044f \u0435\u0433\u043e \u043d\u0430\u0437\u0432\u0430\u043d\u0438\u044f \u0438 \u0435\u0449\u0435", "action_flag": 2, "change_message": "[{\"changed\": {\"fields\": [\"\\u041d\\u0430\\u0437\\u0432\\u0430\\u043d\\u0438\\u0435 \\u043a\\u043e\\u043d\\u0442\\u0435\\u0441\\u0442\\u0430\"]}}]"}}, {"model": "admin.logentry", "pk": 186, "fields": {"action_time": "2020-08-22T13:16:28.134Z", "user": 2, "content_type": 5, "object_id": "17", "object_repr": "19909. \u0414\u043b\u0438\u043d\u043d\u043e\u0435 \u043d\u0430\u0437\u0432\u0430\u043d\u0438\u0435 \u043a\u043e\u043d\u0442\u0435\u0441\u0442\u0430 \u0434\u043b\u044f \u043f\u0440\u043e\u0432\u0435\u0440\u043a\u0438 \u043e\u0442\u043e\u0431\u0440\u0430\u0436\u0435\u043d\u0438\u044f \u0435\u0433\u043e \u043d\u0430\u0437\u0432\u0430\u043d\u0438\u044f \u0438 \u0435\u0449", "action_flag": 2, "change_message": "[{\"changed\": {\"fields\": [\"\\u041d\\u0430\\u0437\\u0432\\u0430\\u043d\\u0438\\u0435 \\u043a\\u043e\\u043d\\u0442\\u0435\\u0441\\u0442\\u0430\"]}}]"}}, {"model": "admin.logentry", "pk": 187, "fields": {"action_time": "2020-08-22T13:16:45.189Z", "user": 2, "content_type": 5, "object_id": "17", "object_repr": "19909. \u0414\u043b\u0438\u043d\u043d\u043e\u0435 \u043d\u0430\u0437\u0432\u0430\u043d\u0438\u0435 \u043a\u043e\u043d\u0442\u0435\u0441\u0442\u0430 \u0434\u043b\u044f \u043f\u0440\u043e\u0432\u0435\u0440\u043a\u0438 \u043e\u0442\u043e\u0431\u0440\u0430\u0436\u0435\u043d\u0438\u044f \u0435\u0433\u043e \u043d\u0430\u0437\u0432\u0430\u043d\u0438\u044f \u0438 \u0435\u0449\u0435", "action_flag": 2, "change_message": "[{\"changed\": {\"fields\": [\"\\u041d\\u0430\\u0437\\u0432\\u0430\\u043d\\u0438\\u0435 \\u043a\\u043e\\u043d\\u0442\\u0435\\u0441\\u0442\\u0430\"]}}]"}}, {"model": "admin.logentry", "pk": 188, "fields": {"action_time": "2020-08-22T13:17:37.504Z", "user": 2, "content_type": 5, "object_id": "17", "object_repr": "19909. \u0414\u043b\u0438\u043d\u043d\u043e\u0435 \u043d\u0430\u0437\u0432\u0430\u043d\u0438\u0435 \u043a\u043e\u043d\u0442\u0435\u0441\u0442\u0430 \u0434\u043b\u044f \u043f\u0440\u043e\u0432\u0435\u0440\u043a\u0438 (\u0442\u0443\u0442 69 \u0441\u0438\u043c\u0432\u043e\u043b\u043e\u0432 -\u043c\u0430\u043a\u0441\u0438\u043c\u0443\u043c)", "action_flag": 2, "change_message": "[{\"changed\": {\"fields\": [\"\\u041d\\u0430\\u0437\\u0432\\u0430\\u043d\\u0438\\u0435 \\u043a\\u043e\\u043d\\u0442\\u0435\\u0441\\u0442\\u0430\"]}}]"}}, {"model": "admin.logentry", "pk": 189, "fields": {"action_time": "2020-08-22T13:18:43.117Z", "user": 2, "content_type": 4, "object_id": "13", "object_repr": "1. \u0414\u043b\u0438\u043d\u043d\u043e\u0435 \u043d\u0430\u0437\u0432\u0430\u043d\u0438\u0435 \u0441\u043f\u0440\u0438\u043d\u0442\u0430 \u0434\u043b\u044f \u043f\u0440\u043e\u0432\u0435\u0440\u043a\u0438 \u043e\u0442\u043e\u0431\u0440\u0430\u0436\u0435\u043d\u0438\u044f \u0435\u0433\u043e \u043d\u0430\u0437\u0432\u0430\u043d\u0438\u044f \u0432 \u0444\u043e\u0440\u043c\u0435 \u0438 \u0439", "action_flag": 2, "change_message": "[{\"changed\": {\"fields\": [\"\\u041d\\u0430\\u0437\\u0432\\u0430\\u043d\\u0438\\u0435 \\u0441\\u043f\\u0440\\u0438\\u043d\\u0442\\u0430\"]}}]"}}, {"model": "admin.logentry", "pk": 190, "fields": {"action_time": "2020-08-22T13:19:13.713Z", "user": 2, "content_type": 4, "object_id": "13", "object_repr": "1. \u0414\u043b\u0438\u043d\u043d\u043e\u0435 \u043d\u0430\u0437\u0432\u0430\u043d\u0438\u0435 \u0441\u043f\u0440\u0438\u043d\u0442\u0430 \u0434\u043b\u044f \u043f\u0440\u043e\u0432\u0435\u0440\u043a\u0438 \u043e\u0442\u043e\u0431\u0440\u0430\u0436\u0435\u043d\u0438\u044f (\u0442\u0443\u0442 \u043c\u0430\u043a\u0441\u0438\u043c\u0443\u043c 70 \u0441\u0438\u043c\u0432\u043e\u043b\u043e\u0432)", "action_flag": 2, "change_message": "[{\"changed\": {\"fields\": [\"\\u041d\\u0430\\u0437\\u0432\\u0430\\u043d\\u0438\\u0435 \\u0441\\u043f\\u0440\\u0438\\u043d\\u0442\\u0430\"]}}]"}}, {"model": "admin.logentry", "pk": 191, "fields": {"action_time": "2020-08-22T13:20:12.261Z", "user": 2, "content_type": 4, "object_id": "13", "object_repr": "1. \u0414\u043b\u0438\u043d\u043d\u043e\u0435 \u043d\u0430\u0437\u0432\u0430\u043d\u0438\u0435 \u0441\u043f\u0440\u0438\u043d\u0442\u0430 \u0434\u043b\u044f \u043f\u0440\u043e\u0432\u0435\u0440\u043a\u0438 (\u0442\u0443\u0442 \u043c\u0430\u043a\u0441\u0438\u043c\u0443\u043c 70 \u0441\u0438\u043c\u0432\u043e\u043b\u043e\u0432)", "action_flag": 2, "change_message": "[{\"changed\": {\"fields\": [\"\\u041d\\u0430\\u0437\\u0432\\u0430\\u043d\\u0438\\u0435 \\u0441\\u043f\\u0440\\u0438\\u043d\\u0442\\u0430\"]}}]"}}]